filename,sign_name,xmin,ymin,xmax,ymax,x_center,y_center,width_norm,height_norm
road631.png,stop,146,137,178,168,0.54,0.38125,0.106667,0.0775
road196.png,speedlimit,132,94,204,164,0.56,0.3225,0.24,0.175
road250.png,speedlimit,138,234,157,253,0.491667,0.60875,0.063333,0.0475
road92.png,stop,126,36,268,212,0.4925,0.464419,0.355,0.659176
road43.png,trafficlight,10,93,24,124,0.0425,0.406367,0.035,0.116105
road43.png,trafficlight,90,86,105,116,0.24375,0.378277,0.0375,0.11236
road43.png,trafficlight,175,81,191,112,0.4575,0.361423,0.04,0.116105
road43.png,trafficlight,262,129,276,151,0.6725,0.524345,0.035,0.082397
road43.png,trafficlight,329,127,340,149,0.83625,0.516854,0.0275,0.082397
road281.png,speedlimit,126,139,169,184,0.491667,0.40375,0.143333,0.1125
road281.png,crosswalk,27,377,50,399,0.128333,0.97,0.076667,0.055
road526.png,speedlimit,143,167,192,217,0.558333,0.48,0.163333,0.125
road147.png,crosswalk,129,27,259,161,0.485,0.412281,0.325,0.587719
road769.png,speedlimit,143,175,168,204,0.518333,0.47375,0.083333,0.0725
road308.png,speedlimit,97,132,137,172,0.39,0.38,0.133333,0.1
road870.png,speedlimit,173,51,276,153,0.748333,0.255,0.343333,0.255
road402.png,speedlimit,109,247,144,281,0.421667,0.66,0.116667,0.085
road715.png,speedlimit,81,130,163,213,0.406667,0.42875,0.273333,0.2075
road715.png,speedlimit,85,4,166,85,0.418333,0.11125,0.27,0.2025
road374.png,stop,86,135,151,200,0.395,0.41875,0.216667,0.1625
road38.png,trafficlight,31,0,83,102,0.1425,0.191011,0.13,0.382022
road38.png,trafficlight,273,136,334,243,0.75875,0.709738,0.1525,0.400749
road405.png,speedlimit,150,262,174,286,0.54,0.685,0.08,0.06
road712.png,speedlimit,98,140,139,182,0.395,0.4025,0.136667,0.105
road712.png,speedlimit,97,205,138,246,0.391667,0.56375,0.136667,0.1025
road373.png,speedlimit,110,157,149,196,0.431667,0.44125,0.13,0.0975
road191.png,speedlimit,178,169,209,205,0.645,0.4675,0.103333,0.09
road636.png,stop,52,29,119,94,0.285,0.15375,0.223333,0.1625
road257.png,speedlimit,129,165,147,183,0.46,0.435,0.06,0.045
road95.png,stop,90,101,268,257,0.596667,0.4475,0.593333,0.39
road44.png,trafficlight,95,50,115,95,0.391791,0.18125,0.074627,0.1125
road44.png,trafficlight,190,86,208,125,0.742537,0.26375,0.067164,0.0975
road521.png,speedlimit,177,151,228,200,0.675,0.43875,0.17,0.1225
road286.png,speedlimit,107,135,177,204,0.473333,0.42375,0.233333,0.1725
road140.png,crosswalk,110,81,150,121,0.325,0.378277,0.1,0.149813
road479.png,speedlimit,30,50,134,151,0.273333,0.25125,0.346667,0.2525
road644.png,speedlimit,147,157,213,222,0.6,0.47375,0.22,0.1625
road225.png,speedlimit,162,212,172,222,0.556667,0.5425,0.033333,0.025
road582.png,trafficlight,185,228,201,270,0.643333,0.6225,0.053333,0.105
road582.png,trafficlight,97,124,114,168,0.351667,0.365,0.056667,0.11
road582.png,crosswalk,201,245,224,269,0.708333,0.6425,0.076667,0.06
road36.png,trafficlight,51,108,98,205,0.18625,0.586142,0.1175,0.363296
road36.png,trafficlight,104,93,145,204,0.31125,0.55618,0.1025,0.41573
road36.png,trafficlight,147,104,174,202,0.40125,0.573034,0.0675,0.367041
road553.png,speedlimit,122,232,194,304,0.526667,0.67,0.24,0.18
road695.png,speedlimit,134,170,156,192,0.483333,0.4525,0.073333,0.055
road695.png,speedlimit,135,205,156,225,0.485,0.5375,0.07,0.05
road132.png,crosswalk,184,23,243,82,0.53375,0.175,0.1475,0.196667
road638.png,speedlimit,194,154,219,178,0.688333,0.415,0.083333,0.06
road638.png,speedlimit,88,197,101,210,0.315,0.50875,0.043333,0.0325
road259.png,speedlimit,139,65,214,138,0.588333,0.25375,0.25,0.1825
road288.png,speedlimit,101,172,136,207,0.395,0.47375,0.116667,0.0875
road477.png,speedlimit,79,147,147,214,0.376667,0.45125,0.226667,0.1675
road805.png,speedlimit,163,141,220,197,0.638333,0.4225,0.19,0.14
road760.png,speedlimit,115,109,178,173,0.488333,0.3525,0.21,0.16
road301.png,speedlimit,114,168,168,221,0.47,0.48625,0.18,0.1325
road198.png,speedlimit,74,240,108,276,0.303333,0.645,0.113333,0.09
road528.png,speedlimit,86,191,134,244,0.366667,0.54375,0.16,0.1325
road528.png,crosswalk,0,1,168,87,0.28,0.11,0.56,0.215
road149.png,crosswalk,123,36,277,158,0.5,0.436937,0.385,0.54955
road802.png,speedlimit,133,204,156,226,0.481667,0.5375,0.076667,0.055
road470.png,speedlimit,67,188,126,248,0.321667,0.545,0.196667,0.15
road767.png,speedlimit,104,153,170,220,0.456667,0.46625,0.22,0.1675
road306.png,stop,61,100,157,198,0.363333,0.3725,0.32,0.245
road643.png,speedlimit,80,182,112,214,0.32,0.495,0.106667,0.08
road585.png,speedlimit,129,108,170,148,0.498333,0.32,0.136667,0.1
road222.png,speedlimit,154,188,168,201,0.536667,0.48625,0.046667,0.0325
road31.png,trafficlight,213,128,243,196,0.57,0.54,0.075,0.226667
road31.png,trafficlight,173,127,205,197,0.4725,0.54,0.08,0.233333
road554.png,speedlimit,87,257,142,311,0.381667,0.71,0.183333,0.135
road554.png,crosswalk,0,354,20,387,0.033333,0.92625,0.066667,0.0825
road135.png,crosswalk,218,75,363,164,0.72625,0.483806,0.3625,0.360324
road692.png,speedlimit,98,99,166,167,0.44,0.3325,0.226667,0.17
road692.png,speedlimit,97,206,166,276,0.438333,0.6025,0.23,0.175
road78.png,stop,72,38,153,112,0.28125,0.280899,0.2025,0.277154
road494.png,speedlimit,82,96,208,223,0.483333,0.39875,0.42,0.3175
road333.png,speedlimit,151,223,212,286,0.605,0.63625,0.203333,0.1575
road752.png,speedlimit,60,132,102,175,0.27,0.38375,0.14,0.1075
road752.png,speedlimit,113,130,155,172,0.446667,0.3775,0.14,0.105
road783.png,speedlimit,55,112,115,171,0.283333,0.35375,0.2,0.1475
road837.png,speedlimit,185,37,270,121,0.758333,0.1975,0.283333,0.21
road445.png,speedlimit,86,107,140,163,0.376667,0.3375,0.18,0.14
road100.png,speedlimit,35,5,363,326,0.4975,0.42987,0.82,0.833766
road561.png,speedlimit,57,210,105,258,0.27,0.585,0.16,0.12
road561.png,crosswalk,55,262,106,312,0.268333,0.7175,0.17,0.125
road217.png,speedlimit,168,163,191,185,0.598333,0.435,0.076667,0.055
road676.png,stop,155,151,193,190,0.58,0.42625,0.126667,0.0975
road439.png,speedlimit,50,290,102,342,0.253333,0.79,0.173333,0.13
road107.png,speedlimit,90,37,233,232,0.504687,0.33625,0.446875,0.4875
road566.png,speedlimit,77,238,127,289,0.34,0.65875,0.166667,0.1275
road210.png,speedlimit,179,135,199,156,0.63,0.36375,0.066667,0.0525
road671.png,speedlimit,161,176,178,193,0.565,0.46125,0.056667,0.0425
road671.png,stop,75,202,84,211,0.265,0.51625,0.03,0.0225
road348.png,speedlimit,173,133,239,209,0.686667,0.4275,0.22,0.19
road729.png,speedlimit,114,159,143,188,0.428333,0.43375,0.096667,0.0725
road729.png,speedlimit,114,203,143,232,0.428333,0.54375,0.096667,0.0725
road399.png,speedlimit,93,173,133,212,0.376667,0.48125,0.133333,0.0975
road334.png,speedlimit,110,169,142,202,0.42,0.46375,0.106667,0.0825
road493.png,speedlimit,74,98,167,189,0.401667,0.35875,0.31,0.2275
road755.png,speedlimit,161,193,183,215,0.573333,0.51,0.073333,0.055
road784.png,speedlimit,106,106,180,183,0.476667,0.36125,0.246667,0.1925
road784.png,crosswalk,76,251,115,300,0.318333,0.68875,0.13,0.1225
road442.png,speedlimit,91,138,119,165,0.35,0.37875,0.093333,0.0675
road830.png,speedlimit,81,104,165,185,0.41,0.36125,0.28,0.2025
road109.png,speedlimit,243,120,276,150,0.64875,0.505618,0.0825,0.11236
road568.png,speedlimit,101,240,149,292,0.416667,0.665,0.16,0.13
road346.png,speedlimit,87,207,152,273,0.398333,0.6,0.216667,0.165
road727.png,speedlimit,146,201,167,221,0.521667,0.5275,0.07,0.05
road727.png,speedlimit,145,166,168,187,0.521667,0.44125,0.076667,0.0525
road430.png,speedlimit,176,238,224,286,0.666667,0.655,0.16,0.12
road842.png,speedlimit,74,153,125,203,0.331667,0.445,0.17,0.125
road842.png,crosswalk,107,344,159,399,0.443333,0.92875,0.173333,0.1375
road397.png,speedlimit,128,55,222,148,0.583333,0.25375,0.313333,0.2325
road175.png,speedlimit,172,180,225,237,0.661667,0.52125,0.176667,0.1425
road71.png,stop,58,55,203,203,0.32625,0.428571,0.3625,0.491694
road514.png,speedlimit,176,148,206,177,0.636667,0.40625,0.1,0.0725
road262.png,speedlimit,105,142,132,169,0.395,0.38875,0.09,0.0675
road603.png,speedlimit,90,147,127,185,0.361667,0.415,0.123333,0.095
road172.png,speedlimit,134,168,152,186,0.476667,0.4425,0.06,0.045
road76.png,stop,29,91,162,233,0.23875,0.609023,0.3325,0.533835
road513.png,speedlimit,160,161,186,187,0.576667,0.435,0.086667,0.065
road265.png,speedlimit,140,237,172,273,0.52,0.6375,0.106667,0.09
road604.png,speedlimit,76,94,123,142,0.331667,0.295,0.156667,0.12
road839.png,speedlimit,115,127,145,155,0.433333,0.3525,0.1,0.07
road839.png,crosswalk,137,237,166,267,0.505,0.63,0.096667,0.075
road219.png,speedlimit,131,181,143,191,0.456667,0.465,0.04,0.025
road678.png,speedlimit,142,187,177,225,0.531667,0.515,0.116667,0.095
road341.png,speedlimit,145,156,176,189,0.535,0.43125,0.103333,0.0825
road341.png,crosswalk,122,349,131,365,0.421667,0.8925,0.03,0.04
road720.png,speedlimit,99,194,127,222,0.376667,0.52,0.093333,0.07
road390.png,speedlimit,199,63,253,115,0.753333,0.2225,0.18,0.13
road845.png,speedlimit,157,190,179,212,0.56,0.5025,0.073333,0.055
road845.png,crosswalk,267,235,292,261,0.931667,0.62,0.083333,0.065
road845.png,trafficlight,252,238,269,284,0.868333,0.6525,0.056667,0.115
road437.png,speedlimit,165,245,201,280,0.61,0.65625,0.12,0.0875
road828.png,speedlimit,114,117,179,182,0.488333,0.37375,0.216667,0.1625
road274.png,speedlimit,165,272,220,330,0.641667,0.7525,0.183333,0.145
road615.png,speedlimit,121,193,136,208,0.428333,0.50125,0.05,0.0375
road615.png,crosswalk,61,204,71,215,0.22,0.52375,0.033333,0.0275
road163.png,speedlimit,28,155,176,307,0.34,0.5775,0.493333,0.38
road502.png,speedlimit,222,78,298,177,0.866667,0.31875,0.253333,0.2475
road67.png,stop,112,64,259,216,0.46375,0.518519,0.3675,0.562963
road426.png,speedlimit,84,110,151,176,0.391667,0.3575,0.223333,0.165
road854.png,speedlimit,117,130,150,162,0.445,0.365,0.11,0.08
road381.png,speedlimit,126,157,166,195,0.486667,0.44,0.133333,0.095
road350.png,speedlimit,90,180,173,263,0.438333,0.55375,0.276667,0.2075
road731.png,speedlimit,66,155,112,201,0.296667,0.445,0.153333,0.115
road731.png,speedlimit,68,225,114,272,0.303333,0.62125,0.153333,0.1175
road208.png,speedlimit,121,103,200,190,0.535,0.36625,0.263333,0.2175
road669.png,crosswalk,56,319,65,330,0.201667,0.81125,0.03,0.0275
road669.png,speedlimit,114,170,155,212,0.448333,0.4775,0.136667,0.105
road386.png,speedlimit,134,154,195,214,0.548333,0.46,0.203333,0.15
road853.png,speedlimit,103,133,131,160,0.39,0.36625,0.093333,0.0675
road421.png,speedlimit,116,160,195,239,0.518333,0.49875,0.263333,0.1975
road357.png,speedlimit,81,90,203,210,0.473333,0.375,0.406667,0.3
road736.png,speedlimit,113,156,134,178,0.411667,0.4175,0.07,0.055
road736.png,speedlimit,112,193,133,214,0.408333,0.50875,0.07,0.0525
road118.png,speedlimit,182,12,394,224,0.72,0.441948,0.53,0.794007
road579.png,crosswalk,172,157,198,183,0.616667,0.425,0.086667,0.065
road273.png,speedlimit,112,190,147,225,0.431667,0.51875,0.116667,0.0875
road612.png,speedlimit,91,246,164,325,0.425,0.71375,0.243333,0.1975
road164.png,trafficlight,123,132,176,202,0.498333,0.4175,0.176667,0.175
road505.png,speedlimit,92,230,149,287,0.401667,0.64625,0.19,0.1425
road60.png,stop,9,9,392,392,0.50125,0.50125,0.9575,0.9575
road388.png,speedlimit,143,137,177,170,0.533333,0.38375,0.113333,0.0825
road359.png,speedlimit,88,202,116,230,0.34,0.54,0.093333,0.07
road738.png,speedlimit,119,169,155,205,0.456667,0.4675,0.12,0.09
road738.png,speedlimit,120,110,156,144,0.46,0.3175,0.12,0.085
road201.png,speedlimit,109,174,180,245,0.481667,0.52375,0.236667,0.1775
road660.png,speedlimit,132,189,193,250,0.541667,0.54875,0.203333,0.1525
road116.png,speedlimit,310,29,369,79,0.84875,0.24,0.1475,0.222222
road577.png,speedlimit,201,100,240,137,0.735,0.29625,0.13,0.0925
road577.png,crosswalk,201,140,243,181,0.74,0.40125,0.14,0.1025
road12.png,trafficlight,136,92,155,133,0.454688,0.28125,0.059375,0.1025
road12.png,trafficlight,294,97,318,135,0.95625,0.29,0.075,0.095
road795.png,speedlimit,121,207,202,287,0.538333,0.6175,0.27,0.2
road821.png,stop,108,106,156,153,0.44,0.32375,0.16,0.1175
road821.png,crosswalk,147,174,193,223,0.566667,0.49625,0.153333,0.1225
road821.png,trafficlight,120,176,149,258,0.448333,0.5425,0.096667,0.205
road821.png,trafficlight,103,205,119,258,0.37,0.57875,0.053333,0.1325
road821.png,trafficlight,22,215,38,243,0.1,0.5725,0.053333,0.07
road821.png,trafficlight,0,281,7,306,0.011667,0.73375,0.023333,0.0625
road821.png,trafficlight,81,266,109,308,0.316667,0.7175,0.093333,0.105
road821.png,crosswalk,218,273,232,293,0.75,0.7075,0.046667,0.05
road453.png,speedlimit,92,147,176,235,0.446667,0.4775,0.28,0.22
road482.png,speedlimit,104,168,168,232,0.453333,0.5,0.213333,0.16
road482.png,crosswalk,263,194,300,290,0.938333,0.605,0.123333,0.24
road325.png,speedlimit,99,165,151,218,0.416667,0.47875,0.173333,0.1325
road325.png,trafficlight,40,248,70,294,0.183333,0.6775,0.1,0.115
road744.png,speedlimit,138,170,174,207,0.52,0.47125,0.12,0.0925
road744.png,speedlimit,135,227,172,262,0.511667,0.61125,0.123333,0.0875
road792.png,speedlimit,105,219,143,258,0.413333,0.59625,0.126667,0.0975
road792.png,speedlimit,146,315,158,327,0.506667,0.8025,0.04,0.03
road454.png,speedlimit,100,233,127,263,0.378333,0.62,0.09,0.075
road826.png,crosswalk,172,164,188,189,0.6,0.44125,0.053333,0.0625
road826.png,trafficlight,157,157,174,201,0.551667,0.4475,0.056667,0.11
road826.png,trafficlight,144,176,155,204,0.498333,0.475,0.036667,0.07
road826.png,trafficlight,87,231,98,247,0.308333,0.5975,0.036667,0.04
road826.png,trafficlight,59,238,63,245,0.203333,0.60375,0.013333,0.0175
road826.png,trafficlight,69,219,73,227,0.236667,0.5575,0.013333,0.02
road826.png,crosswalk,219,231,228,240,0.745,0.58875,0.03,0.0225
road826.png,crosswalk,127,236,132,242,0.431667,0.5975,0.016667,0.015
road322.png,speedlimit,104,149,150,212,0.423333,0.45125,0.153333,0.1575
road485.png,speedlimit,47,125,181,254,0.38,0.47375,0.446667,0.3225
road743.png,speedlimit,67,138,94,164,0.268333,0.3775,0.09,0.065
road743.png,speedlimit,64,180,91,208,0.258333,0.485,0.09,0.07
road69.png,stop,87,63,313,251,0.5,0.521595,0.565,0.624585
road428.png,speedlimit,63,102,173,216,0.393333,0.3975,0.366667,0.285
road206.png,speedlimit,90,137,115,174,0.341667,0.38875,0.083333,0.0925
road667.png,speedlimit,166,191,190,215,0.593333,0.5075,0.08,0.06
road111.png,speedlimit,35,92,101,159,0.17,0.470037,0.165,0.250936
road570.png,speedlimit,104,271,152,322,0.426667,0.74125,0.16,0.1275
road15.png,trafficlight,186,102,227,157,0.51625,0.485019,0.1025,0.205993
road776.png,speedlimit,73,191,125,242,0.33,0.54125,0.173333,0.1275
road317.png,speedlimit,116,161,201,245,0.528333,0.5075,0.283333,0.21
road317.png,stop,108,86,186,163,0.49,0.31125,0.26,0.1925
road461.png,speedlimit,97,184,175,263,0.453333,0.55875,0.26,0.1975
road461.png,crosswalk,154,381,240,400,0.656667,0.97625,0.286667,0.0475
road461.png,trafficlight,93,367,143,400,0.393333,0.95875,0.166667,0.0825
road813.png,speedlimit,98,173,124,197,0.37,0.4625,0.086667,0.06
road539.png,speedlimit,164,256,200,292,0.606667,0.685,0.12,0.09
road5.png,trafficlight,46,30,221,292,0.5,0.4025,0.655431,0.655
road158.png,crosswalk,168,112,225,170,0.655,0.3525,0.19,0.145
road189.png,crosswalk,91,122,141,179,0.386667,0.37625,0.166667,0.1425
road189.png,crosswalk,157,202,172,225,0.548333,0.53375,0.05,0.0575
road545.png,speedlimit,77,198,122,241,0.331667,0.54875,0.15,0.1075
road545.png,crosswalk,140,245,209,314,0.581667,0.69875,0.23,0.1725
road545.png,crosswalk,56,315,100,359,0.26,0.8425,0.146667,0.11
road20.png,trafficlight,131,135,190,271,0.501563,0.5075,0.184375,0.34
road683.png,speedlimit,86,204,140,259,0.376667,0.57875,0.18,0.1375
road124.png,crosswalk,68,125,205,275,0.411145,0.5,0.412651,0.375
road124.png,trafficlight,230,117,331,284,0.84488,0.50125,0.304217,0.4175
road124.png,trafficlight,178,298,258,397,0.656627,0.86875,0.240964,0.2475
road124.png,trafficlight,265,298,332,398,0.899096,0.87,0.201807,0.25
road652.png,speedlimit,135,174,153,191,0.48,0.45625,0.06,0.0425
road652.png,speedlimit,80,182,93,196,0.288333,0.4725,0.043333,0.035
road652.png,crosswalk,99,165,116,183,0.358333,0.435,0.056667,0.045
road233.png,speedlimit,124,194,143,214,0.445,0.51,0.063333,0.05
road233.png,speedlimit,147,196,163,213,0.516667,0.51125,0.053333,0.0425
road594.png,speedlimit,160,1,277,109,0.728333,0.1375,0.39,0.27
road868.png,speedlimit,92,109,158,176,0.416667,0.35625,0.22,0.1675
road542.png,speedlimit,100,285,144,324,0.406667,0.76125,0.146667,0.0975
road542.png,crosswalk,60,343,69,356,0.215,0.87375,0.03,0.0325
road27.png,trafficlight,89,157,118,226,0.38764,0.47875,0.108614,0.1725
road27.png,trafficlight,61,162,91,234,0.284644,0.495,0.11236,0.18
road123.png,crosswalk,151,73,271,195,0.5275,0.443709,0.3,0.403974
road684.png,speedlimit,92,231,159,297,0.418333,0.66,0.223333,0.165
road655.png,speedlimit,78,214,98,234,0.293333,0.56,0.066667,0.05
road655.png,speedlimit,179,198,206,223,0.641667,0.52625,0.09,0.0625
road655.png,crosswalk,114,189,138,212,0.42,0.50125,0.08,0.0575
road593.png,speedlimit,74,66,151,142,0.375,0.26,0.256667,0.19
road234.png,speedlimit,142,249,153,260,0.491667,0.63625,0.036667,0.0275
road234.png,speedlimit,156,248,167,260,0.538333,0.635,0.036667,0.03
road771.png,speedlimit,139,155,176,194,0.525,0.43625,0.123333,0.0975
road310.png,speedlimit,157,171,204,224,0.601667,0.49375,0.156667,0.1325
road814.png,speedlimit,120,159,153,193,0.455,0.44,0.11,0.085
road466.png,speedlimit,66,59,152,142,0.363333,0.25125,0.286667,0.2075
road466.png,crosswalk,128,263,217,351,0.575,0.7675,0.296667,0.22
road466.png,trafficlight,68,246,122,392,0.316667,0.7975,0.18,0.365
road299.png,speedlimit,97,184,178,264,0.458333,0.56,0.27,0.2
road2.png,trafficlight,144,270,174,352,0.519608,0.7775,0.098039,0.205
road629.png,speedlimit,146,96,250,203,0.66,0.37375,0.346667,0.2675
road248.png,speedlimit,167,205,192,229,0.598333,0.5425,0.083333,0.06
road248.png,speedlimit,170,243,193,268,0.605,0.63875,0.076667,0.0625
road703.png,speedlimit,214,127,249,176,0.771667,0.37875,0.116667,0.1225
road703.png,speedlimit,217,202,255,252,0.786667,0.5675,0.126667,0.125
road362.png,speedlimit,82,164,151,232,0.388333,0.495,0.23,0.17
road866.png,speedlimit,56,150,103,195,0.265,0.43125,0.156667,0.1125
road414.png,speedlimit,167,222,211,266,0.63,0.61,0.146667,0.11
road29.png,trafficlight,116,45,219,117,0.41875,0.303371,0.2575,0.269663
road29.png,trafficlight,94,104,191,153,0.35625,0.481273,0.2425,0.183521
road468.png,speedlimit,150,217,190,258,0.566667,0.59375,0.133333,0.1025
road297.png,speedlimit,221,176,252,211,0.788333,0.48375,0.103333,0.0875
road530.png,speedlimit,80,172,93,185,0.288333,0.44625,0.043333,0.0325
road530.png,crosswalk,169,236,178,246,0.578333,0.6025,0.03,0.025
road55.png,stop,113,88,201,179,0.3925,0.5,0.22,0.340824
road151.png,crosswalk,147,37,266,186,0.51625,0.419173,0.2975,0.56015
road627.png,speedlimit,96,148,169,221,0.441667,0.46125,0.243333,0.1825
road180.png,crosswalk,79,76,165,197,0.406667,0.34125,0.286667,0.3025
road84.png,stop,98,85,171,152,0.501866,0.29625,0.272388,0.1675
road246.png,speedlimit,152,167,182,198,0.556667,0.45625,0.1,0.0775
road778.png,speedlimit,104,133,187,215,0.485,0.435,0.276667,0.205
road319.png,speedlimit,127,189,171,234,0.496667,0.52875,0.146667,0.1125
road319.png,trafficlight,85,251,114,296,0.331667,0.68375,0.096667,0.1125
road319.png,crosswalk,154,285,169,302,0.538333,0.73375,0.05,0.0425
road537.png,speedlimit,68,212,100,244,0.28,0.57,0.106667,0.08
road290.png,speedlimit,105,157,171,224,0.46,0.47625,0.22,0.1675
road52.png,stop,42,166,246,367,0.48,0.66625,0.68,0.5025
road156.png,crosswalk,180,0,389,206,0.71125,0.385768,0.5225,0.771536
road156.png,trafficlight,105,93,158,211,0.32875,0.569288,0.1325,0.441948
road187.png,crosswalk,179,180,206,207,0.641667,0.48375,0.09,0.0675
road620.png,speedlimit,123,222,150,250,0.455,0.59,0.09,0.07
road83.png,stop,181,171,231,218,0.771536,0.48625,0.187266,0.1175
road241.png,speedlimit,136,200,155,218,0.485,0.5225,0.063333,0.045
road241.png,speedlimit,156,201,175,220,0.551667,0.52625,0.063333,0.0475
road704.png,speedlimit,140,219,168,247,0.513333,0.5825,0.093333,0.07
road704.png,speedlimit,141,264,169,292,0.516667,0.695,0.093333,0.07
road365.png,speedlimit,105,155,158,207,0.438333,0.4525,0.176667,0.13
road413.png,speedlimit,146,184,180,218,0.543333,0.5025,0.113333,0.085
road861.png,speedlimit,123,100,171,148,0.49,0.31,0.16,0.12
road173.png,speedlimit,55,93,136,176,0.318333,0.33625,0.27,0.2075
road512.png,speedlimit,141,170,166,195,0.511667,0.45625,0.083333,0.0625
road77.png,stop,171,14,382,234,0.69125,0.460967,0.5275,0.817844
road264.png,speedlimit,136,152,194,210,0.55,0.4525,0.193333,0.145
road605.png,speedlimit,73,93,137,157,0.35,0.3125,0.213333,0.16
road838.png,speedlimit,105,161,129,184,0.39,0.43125,0.08,0.0575
road838.png,crosswalk,120,244,145,272,0.441667,0.645,0.083333,0.07
road218.png,speedlimit,164,190,175,199,0.565,0.48625,0.036667,0.0225
road679.png,speedlimit,135,178,176,222,0.518333,0.5,0.136667,0.11
road340.png,speedlimit,95,280,160,346,0.425,0.7825,0.216667,0.165
road721.png,speedlimit,116,190,149,224,0.441667,0.5175,0.11,0.085
road844.png,speedlimit,109,87,189,166,0.496667,0.31625,0.266667,0.1975
road436.png,speedlimit,164,144,243,224,0.678333,0.46,0.263333,0.2
road391.png,speedlimit,232,29,297,93,0.881667,0.1525,0.216667,0.16
road108.png,speedlimit,174,128,186,139,0.45,0.542683,0.03,0.044715
road569.png,speedlimit,136,257,184,310,0.533333,0.70875,0.16,0.1325
road347.png,speedlimit,128,117,155,145,0.471667,0.3275,0.09,0.07
road347.png,crosswalk,97,187,119,209,0.36,0.495,0.073333,0.055
road726.png,speedlimit,137,156,219,238,0.593333,0.4925,0.273333,0.205
road396.png,speedlimit,103,197,160,254,0.438333,0.56375,0.19,0.1425
road431.png,speedlimit,24,212,82,271,0.176667,0.60375,0.193333,0.1475
road843.png,speedlimit,78,128,141,190,0.365,0.3975,0.21,0.155
road843.png,crosswalk,121,373,187,400,0.513333,0.96625,0.22,0.0675
road174.png,speedlimit,154,83,198,132,0.586667,0.26875,0.146667,0.1225
road515.png,speedlimit,180,131,213,163,0.655,0.3675,0.11,0.08
road70.png,stop,148,71,288,173,0.545,0.405316,0.35,0.33887
road263.png,speedlimit,122,137,188,210,0.516667,0.43375,0.22,0.1825
road602.png,speedlimit,88,195,118,225,0.343333,0.525,0.1,0.075
road106.png,speedlimit,101,150,163,226,0.494382,0.47,0.23221,0.19
road567.png,speedlimit,116,246,166,299,0.47,0.68125,0.166667,0.1325
road211.png,speedlimit,164,176,194,206,0.596667,0.4775,0.1,0.075
road670.png,speedlimit,129,145,189,205,0.53,0.4375,0.2,0.15
road349.png,speedlimit,77,247,181,359,0.43,0.7575,0.346667,0.28
road728.png,speedlimit,100,179,126,204,0.376667,0.47875,0.086667,0.0625
road728.png,speedlimit,100,138,127,164,0.378333,0.3775,0.09,0.065
road398.png,speedlimit,171,233,204,266,0.625,0.62375,0.11,0.0825
road492.png,speedlimit,110,137,182,208,0.486667,0.43125,0.24,0.1775
road335.png,speedlimit,107,132,146,170,0.421667,0.3775,0.13,0.095
road754.png,speedlimit,85,100,163,178,0.413333,0.3475,0.26,0.195
road754.png,speedlimit,180,99,254,176,0.723333,0.34375,0.246667,0.1925
road785.png,speedlimit,74,65,168,160,0.403333,0.28125,0.313333,0.2375
road785.png,crosswalk,260,312,292,347,0.92,0.82375,0.106667,0.0875
road443.png,speedlimit,103,148,141,186,0.406667,0.4175,0.126667,0.095
road831.png,speedlimit,69,108,169,204,0.396667,0.39,0.333333,0.24
road79.png,stop,75,21,312,241,0.48375,0.435216,0.5925,0.730897
road332.png,speedlimit,60,160,165,263,0.375,0.52875,0.35,0.2575
road495.png,crosswalk,129,200,190,260,0.531667,0.575,0.203333,0.15
road495.png,trafficlight,94,206,127,301,0.368333,0.63375,0.11,0.2375
road753.png,speedlimit,61,137,118,192,0.298333,0.41125,0.19,0.1375
road753.png,speedlimit,133,136,187,189,0.533333,0.40625,0.18,0.1325
road782.png,crosswalk,137,183,164,220,0.501667,0.50375,0.09,0.0925
road782.png,speedlimit,96,108,143,157,0.398333,0.33125,0.156667,0.1225
road836.png,speedlimit,145,125,206,185,0.585,0.3875,0.203333,0.15
road444.png,speedlimit,146,122,190,166,0.56,0.36,0.146667,0.11
road101.png,speedlimit,195,7,392,194,0.73375,0.5025,0.4925,0.935
road560.png,crosswalk,145,254,189,298,0.556667,0.69,0.146667,0.11
road560.png,speedlimit,147,211,188,252,0.558333,0.57875,0.136667,0.1025
road216.png,speedlimit,138,193,157,211,0.491667,0.505,0.063333,0.045
road677.png,speedlimit,123,200,153,232,0.46,0.54,0.1,0.08
road438.png,speedlimit,33,261,76,303,0.181667,0.705,0.143333,0.105
road199.png,speedlimit,62,117,96,153,0.263333,0.3375,0.113333,0.09
road529.png,speedlimit,170,151,249,249,0.698333,0.5,0.263333,0.245
road148.png,crosswalk,213,59,299,184,0.64,0.405,0.215,0.416667
road803.png,speedlimit,143,219,173,249,0.526667,0.585,0.1,0.075
road471.png,speedlimit,51,157,128,232,0.298333,0.48625,0.256667,0.1875
road766.png,speedlimit,134,188,174,227,0.513333,0.51875,0.133333,0.0975
road307.png,crosswalk,93,100,161,200,0.423333,0.375,0.226667,0.25
road307.png,trafficlight,32,158,71,267,0.171667,0.53125,0.13,0.2725
road642.png,speedlimit,97,178,177,257,0.456667,0.54375,0.266667,0.1975
road223.png,speedlimit,137,165,159,187,0.493333,0.44,0.073333,0.055
road584.png,speedlimit,145,161,175,190,0.533333,0.43875,0.1,0.0725
road555.png,speedlimit,54,257,121,324,0.291667,0.72625,0.223333,0.1675
road30.png,trafficlight,40,6,101,121,0.17625,0.237828,0.1525,0.430712
road693.png,speedlimit,55,134,141,221,0.326667,0.44375,0.286667,0.2175
road693.png,speedlimit,54,270,140,357,0.323333,0.78375,0.286667,0.2175
road134.png,crosswalk,196,48,337,219,0.66625,0.489011,0.3525,0.626374
road645.png,speedlimit,67,142,148,223,0.358333,0.45625,0.27,0.2025
road583.png,crosswalk,218,230,250,265,0.78,0.61875,0.106667,0.0875
road583.png,trafficlight,66,55,87,114,0.255,0.21125,0.07,0.1475
road583.png,trafficlight,196,204,219,267,0.691667,0.58875,0.076667,0.1575
road224.png,speedlimit,146,192,159,205,0.508333,0.49625,0.043333,0.0325
road552.png,speedlimit,133,157,202,225,0.558333,0.4775,0.23,0.17
road37.png,trafficlight,116,103,156,230,0.509363,0.41625,0.149813,0.3175
road133.png,crosswalk,103,51,220,168,0.40375,0.465957,0.2925,0.497872
road694.png,speedlimit,101,128,202,230,0.505,0.4475,0.336667,0.255
road694.png,speedlimit,98,290,202,395,0.5,0.85625,0.346667,0.2625
road639.png,speedlimit,139,230,182,272,0.535,0.6275,0.143333,0.105
road639.png,speedlimit,13,300,31,319,0.073333,0.77375,0.06,0.0475
road258.png,speedlimit,136,131,176,173,0.52,0.38,0.133333,0.105
road289.png,stop,61,140,146,227,0.345,0.45875,0.283333,0.2175
road289.png,trafficlight,259,325,299,398,0.93,0.90375,0.133333,0.1825
road476.png,speedlimit,68,165,128,224,0.326667,0.48625,0.2,0.1475
road804.png,speedlimit,177,178,215,216,0.653333,0.4925,0.126667,0.095
road761.png,speedlimit,169,151,187,169,0.593333,0.4,0.06,0.045
road300.png,crosswalk,134,117,205,218,0.565,0.41875,0.236667,0.2525
road300.png,trafficlight,73,172,110,280,0.305,0.565,0.123333,0.27
road39.png,trafficlight,89,9,218,366,0.479687,0.46875,0.403125,0.8925
road404.png,speedlimit,48,220,134,319,0.303333,0.67375,0.286667,0.2475
road876.png,stop,83,297,97,314,0.3,0.76375,0.046667,0.0425
road713.png,speedlimit,99,211,150,261,0.415,0.59,0.17,0.125
road713.png,speedlimit,99,134,150,183,0.415,0.39625,0.17,0.1225
road372.png,speedlimit,88,168,150,231,0.396667,0.49875,0.206667,0.1575
road637.png,stop,122,88,211,175,0.555,0.32875,0.296667,0.2175
road190.png,crosswalk,85,133,131,181,0.36,0.3925,0.153333,0.12
road94.png,stop,97,64,318,242,0.51875,0.508306,0.5525,0.591362
road256.png,speedlimit,151,94,207,149,0.596667,0.30375,0.186667,0.1375
road287.png,speedlimit,147,99,193,146,0.566667,0.30625,0.153333,0.1175
road287.png,speedlimit,47,320,58,331,0.175,0.81375,0.036667,0.0275
road287.png,trafficlight,39,331,48,347,0.145,0.8475,0.03,0.04
road520.png,speedlimit,167,140,214,186,0.635,0.4075,0.156667,0.115
road45.png,trafficlight,150,78,193,177,0.642322,0.31875,0.161049,0.2475
road141.png,crosswalk,147,74,244,163,0.48875,0.526667,0.2425,0.395556
road478.png,speedlimit,114,76,198,160,0.52,0.295,0.28,0.21
road197.png,speedlimit,209,132,243,168,0.753333,0.375,0.113333,0.09
road630.png,stop,127,144,154,171,0.468333,0.39375,0.09,0.0675
road93.png,stop,179,24,354,196,0.66625,0.40293,0.4375,0.630037
road251.png,speedlimit,199,190,229,222,0.713333,0.515,0.1,0.08
road527.png,speedlimit,103,178,152,230,0.425,0.51,0.163333,0.13
road280.png,speedlimit,91,168,135,213,0.376667,0.47625,0.146667,0.1125
road42.png,trafficlight,177,184,221,297,0.745318,0.60125,0.164794,0.2825
road42.png,trafficlight,131,188,178,289,0.578652,0.59625,0.17603,0.2525
road146.png,crosswalk,137,17,264,142,0.50125,0.478916,0.3175,0.753012
road768.png,speedlimit,108,194,133,218,0.401667,0.515,0.083333,0.06
road309.png,speedlimit,125,86,195,155,0.533333,0.30125,0.233333,0.1725
road309.png,crosswalk,126,172,197,242,0.538333,0.5175,0.236667,0.175
road871.png,speedlimit,123,194,150,221,0.455,0.51875,0.09,0.0675
road403.png,speedlimit,107,164,171,230,0.463333,0.4925,0.213333,0.165
road714.png,speedlimit,66,176,126,236,0.32,0.515,0.2,0.15
road714.png,speedlimit,64,271,125,332,0.315,0.75375,0.203333,0.1525
road375.png,speedlimit,81,213,156,287,0.395,0.625,0.25,0.185
road779.png,speedlimit,68,142,195,269,0.438333,0.51375,0.423333,0.3175
road318.png,crosswalk,68,211,165,307,0.388333,0.6475,0.323333,0.24
road318.png,speedlimit,66,92,163,188,0.381667,0.35,0.323333,0.24
road53.png,stop,9,110,140,240,0.18625,0.603448,0.3275,0.448276
road291.png,speedlimit,124,186,170,234,0.49,0.525,0.153333,0.12
road536.png,speedlimit,179,179,273,272,0.753333,0.56375,0.313333,0.2325
road536.png,crosswalk,88,393,107,400,0.325,0.99125,0.063333,0.0175
road157.png,speedlimit,198,65,234,100,0.72,0.20625,0.12,0.0875
road621.png,speedlimit,92,273,121,303,0.355,0.72,0.096667,0.075
road186.png,crosswalk,192,168,220,197,0.686667,0.45625,0.093333,0.0725
road240.png,speedlimit,109,209,124,223,0.388333,0.54,0.05,0.035
road240.png,speedlimit,125,209,138,223,0.438333,0.54,0.043333,0.035
road82.png,stop,58,55,208,206,0.498127,0.32625,0.561798,0.3775
road705.png,speedlimit,91,156,125,189,0.36,0.43125,0.113333,0.0825
road705.png,speedlimit,91,210,125,241,0.36,0.56375,0.113333,0.0775
road364.png,speedlimit,89,171,154,235,0.405,0.5075,0.216667,0.16
road412.png,speedlimit,160,191,186,217,0.576667,0.51,0.086667,0.065
road860.png,speedlimit,47,138,82,172,0.215,0.3875,0.116667,0.085
road702.png,speedlimit,131,165,158,196,0.481667,0.45125,0.09,0.0775
road702.png,speedlimit,131,213,158,243,0.481667,0.57,0.09,0.075
road363.png,speedlimit,172,75,293,198,0.775,0.34125,0.403333,0.3075
road867.png,speedlimit,73,125,124,176,0.328333,0.37625,0.17,0.1275
road415.png,speedlimit,153,203,217,268,0.616667,0.58875,0.213333,0.1625
road28.png,trafficlight,171,2,188,34,0.44875,0.078603,0.0425,0.139738
road28.png,trafficlight,273,57,291,90,0.705,0.320961,0.045,0.144105
road28.png,trafficlight,259,60,273,91,0.665,0.329694,0.035,0.135371
road469.png,speedlimit,129,183,176,230,0.508333,0.51625,0.156667,0.1175
road54.png,stop,43,60,258,273,0.501667,0.41625,0.716667,0.5325
road531.png,speedlimit,208,176,232,201,0.733333,0.47125,0.08,0.0625
road531.png,crosswalk,229,211,241,225,0.783333,0.545,0.04,0.035
road531.png,crosswalk,184,219,193,231,0.628333,0.5625,0.03,0.03
road531.png,crosswalk,155,214,167,226,0.536667,0.55,0.04,0.03
road531.png,crosswalk,93,216,105,227,0.33,0.55375,0.04,0.0275
road296.png,speedlimit,62,214,114,273,0.293333,0.60875,0.173333,0.1475
road150.png,crosswalk,181,55,296,175,0.59625,0.392491,0.2875,0.409556
road181.png,speedlimit,225,154,248,177,0.788333,0.41375,0.076667,0.0575
road626.png,speedlimit,103,142,162,202,0.441667,0.43,0.196667,0.15
road247.png,speedlimit,139,218,156,236,0.491667,0.5675,0.056667,0.045
road247.png,speedlimit,141,245,158,261,0.498333,0.6325,0.056667,0.04
road85.png,stop,80,145,230,292,0.516667,0.54625,0.5,0.3675
road869.png,speedlimit,83,124,168,208,0.418333,0.415,0.283333,0.21
road26.png,trafficlight,57,88,101,224,0.294776,0.39,0.164179,0.34
road26.png,trafficlight,101,86,142,217,0.453358,0.37875,0.152985,0.3275
road543.png,speedlimit,78,227,124,272,0.336667,0.62375,0.153333,0.1125
road543.png,crosswalk,36,290,49,303,0.141667,0.74125,0.043333,0.0325
road685.png,speedlimit,84,190,168,274,0.42,0.58,0.28,0.21
road122.png,crosswalk,20,24,209,237,0.450787,0.32625,0.744094,0.5325
road654.png,speedlimit,114,189,138,212,0.42,0.50125,0.08,0.0575
road654.png,speedlimit,32,199,49,217,0.135,0.52,0.056667,0.045
road654.png,crosswalk,62,178,84,200,0.243333,0.4725,0.073333,0.055
road235.png,speedlimit,136,227,151,241,0.478333,0.585,0.05,0.035
road235.png,speedlimit,120,227,134,242,0.423333,0.58625,0.046667,0.0375
road592.png,speedlimit,44,133,106,195,0.25,0.41,0.206667,0.155
road770.png,speedlimit,138,164,171,194,0.515,0.4475,0.11,0.075
road311.png,speedlimit,38,88,156,205,0.323333,0.36625,0.393333,0.2925
road311.png,crosswalk,41,231,159,348,0.333333,0.72375,0.393333,0.2925
road815.png,speedlimit,123,152,163,193,0.476667,0.43125,0.133333,0.1025
road467.png,speedlimit,146,171,169,194,0.525,0.45625,0.076667,0.0575
road298.png,speedlimit,156,163,188,197,0.573333,0.45,0.106667,0.085
road3.png,trafficlight,178,134,236,261,0.5175,0.658333,0.145,0.423333
road628.png,speedlimit,53,123,144,214,0.328333,0.42125,0.303333,0.2275
road249.png,speedlimit,145,239,156,251,0.501667,0.6125,0.036667,0.03
road777.png,speedlimit,50,141,114,205,0.273333,0.4325,0.213333,0.16
road316.png,speedlimit,115,138,181,202,0.493333,0.425,0.22,0.16
road316.png,speedlimit,16,270,41,294,0.095,0.705,0.083333,0.06
road316.png,crosswalk,0,334,33,371,0.055,0.88125,0.11,0.0925
road460.png,crosswalk,149,311,228,390,0.628333,0.87625,0.263333,0.1975
road460.png,trafficlight,91,297,138,399,0.381667,0.87,0.156667,0.255
road460.png,speedlimit,99,125,170,200,0.448333,0.40625,0.236667,0.1875
road812.png,speedlimit,83,170,150,236,0.388333,0.5075,0.223333,0.165
road538.png,speedlimit,115,169,149,205,0.44,0.4675,0.113333,0.09
road159.png,speedlimit,155,148,229,225,0.64,0.46625,0.246667,0.1925
road4.png,trafficlight,20,109,81,237,0.189139,0.4325,0.228464,0.32
road4.png,trafficlight,116,162,163,272,0.522472,0.5425,0.17603,0.275
road4.png,trafficlight,189,189,233,295,0.790262,0.605,0.164794,0.265
road188.png,speedlimit,61,171,138,252,0.331667,0.52875,0.256667,0.2025
road21.png,trafficlight,135,53,154,91,0.481667,0.18,0.063333,0.095
road21.png,trafficlight,82,169,97,199,0.298333,0.46,0.05,0.075
road21.png,trafficlight,162,57,186,105,0.58,0.2025,0.08,0.12
road21.png,trafficlight,97,172,108,198,0.341667,0.4625,0.036667,0.065
road21.png,trafficlight,134,96,153,110,0.478333,0.2575,0.063333,0.035
road544.png,crosswalk,148,276,202,330,0.583333,0.7575,0.18,0.135
road544.png,crosswalk,92,323,128,360,0.366667,0.85375,0.12,0.0925
road544.png,speedlimit,107,223,145,260,0.42,0.60375,0.126667,0.0925
road125.png,crosswalk,15,26,168,157,0.342697,0.22875,0.573034,0.3275
road682.png,speedlimit,100,212,148,260,0.413333,0.59,0.16,0.12
road653.png,speedlimit,161,219,181,240,0.57,0.57375,0.066667,0.0525
road653.png,speedlimit,93,230,108,246,0.335,0.595,0.05,0.04
road653.png,crosswalk,117,211,136,229,0.421667,0.55,0.063333,0.045
road595.png,speedlimit,125,152,153,179,0.463333,0.41375,0.093333,0.0675
road232.png,speedlimit,127,221,142,234,0.448333,0.56875,0.05,0.0325
road232.png,speedlimit,144,222,156,234,0.5,0.57,0.04,0.03
road793.png,speedlimit,98,192,145,241,0.405,0.54125,0.156667,0.1225
road793.png,speedlimit,94,312,107,326,0.335,0.7975,0.043333,0.035
road455.png,speedlimit,164,184,199,221,0.605,0.50625,0.116667,0.0925
road827.png,speedlimit,120,111,178,170,0.496667,0.35125,0.193333,0.1475
road484.png,speedlimit,54,122,165,228,0.365,0.4375,0.37,0.265
road323.png,speedlimit,136,204,220,288,0.593333,0.615,0.28,0.21
road323.png,stop,131,128,208,204,0.565,0.415,0.256667,0.19
road742.png,speedlimit,146,178,168,201,0.523333,0.47375,0.073333,0.0575
road742.png,speedlimit,144,214,167,236,0.518333,0.5625,0.076667,0.055
road68.png,stop,30,27,272,249,0.503333,0.345,0.806667,0.555
road429.png,speedlimit,97,218,135,256,0.386667,0.5925,0.126667,0.095
road207.png,speedlimit,176,184,197,206,0.621667,0.4875,0.07,0.055
road207.png,crosswalk,33,214,75,255,0.18,0.58625,0.14,0.1025
road666.png,speedlimit,111,219,221,336,0.553333,0.69375,0.366667,0.2925
road110.png,speedlimit,196,10,377,181,0.71625,0.357678,0.4525,0.640449
road14.png,trafficlight,153,202,221,347,0.700375,0.68625,0.254682,0.3625
road571.png,speedlimit,110,281,156,333,0.443333,0.7675,0.153333,0.13
road389.png,speedlimit,178,100,221,143,0.665,0.30375,0.143333,0.1075
road358.png,speedlimit,92,194,124,226,0.36,0.525,0.106667,0.08
road358.png,crosswalk,27,294,37,313,0.106667,0.75875,0.033333,0.0475
road739.png,speedlimit,106,149,151,194,0.428333,0.42875,0.15,0.1125
road739.png,speedlimit,104,222,149,267,0.421667,0.61125,0.15,0.1125
road200.png,crosswalk,52,195,108,257,0.266667,0.565,0.186667,0.155
road200.png,trafficlight,134,241,156,304,0.483333,0.68125,0.073333,0.1575
road200.png,trafficlight,201,320,210,349,0.685,0.83625,0.03,0.0725
road200.png,trafficlight,213,324,220,349,0.721667,0.84125,0.023333,0.0625
road661.png,speedlimit,116,217,192,296,0.513333,0.64125,0.253333,0.1975
road117.png,speedlimit,224,32,289,103,0.64125,0.3,0.1625,0.315556
road13.png,trafficlight,75,74,195,348,0.505618,0.5275,0.449438,0.685
road576.png,crosswalk,57,154,99,195,0.26,0.43625,0.14,0.1025
road576.png,speedlimit,57,114,95,150,0.253333,0.33,0.126667,0.09
road794.png,speedlimit,101,213,163,275,0.44,0.61,0.206667,0.155
road794.png,speedlimit,19,370,32,386,0.085,0.945,0.043333,0.04
road820.png,trafficlight,79,224,90,247,0.281667,0.58875,0.036667,0.0575
road820.png,trafficlight,127,223,149,283,0.46,0.6325,0.073333,0.15
road820.png,trafficlight,116,243,128,281,0.406667,0.655,0.04,0.095
road820.png,stop,121,171,156,206,0.461667,0.47125,0.116667,0.0875
road820.png,trafficlight,43,289,51,304,0.156667,0.74125,0.026667,0.0375
road820.png,trafficlight,55,281,66,305,0.201667,0.7325,0.036667,0.06
road820.png,crosswalk,149,223,181,256,0.55,0.59875,0.106667,0.0825
road820.png,crosswalk,247,280,259,297,0.843333,0.72125,0.04,0.0425
road452.png,speedlimit,94,164,167,238,0.435,0.5025,0.243333,0.185
road324.png,crosswalk,145,206,214,274,0.598333,0.6,0.23,0.17
road483.png,speedlimit,9,181,91,262,0.166667,0.55375,0.273333,0.2025
road745.png,speedlimit,45,201,88,244,0.221667,0.55625,0.143333,0.1075
road745.png,speedlimit,50,133,93,177,0.238333,0.3875,0.143333,0.11
road852.png,speedlimit,126,147,150,170,0.46,0.39625,0.08,0.0575
road420.png,speedlimit,128,215,191,277,0.531667,0.615,0.21,0.155
road387.png,speedlimit,124,125,153,154,0.461667,0.34875,0.096667,0.0725
road356.png,stop,110,67,209,166,0.531667,0.29125,0.33,0.2475
road737.png,speedlimit,115,151,143,179,0.43,0.4125,0.093333,0.07
road737.png,speedlimit,114,198,142,225,0.426667,0.52875,0.093333,0.0675
road119.png,speedlimit,225,31,337,144,0.7025,0.327715,0.28,0.423221
road578.png,crosswalk,223,134,270,180,0.821667,0.3925,0.156667,0.115
road578.png,speedlimit,223,92,265,133,0.813333,0.28125,0.14,0.1025
road272.png,stop,123,179,159,216,0.47,0.49375,0.12,0.0925
road272.png,trafficlight,206,261,251,325,0.761667,0.7325,0.15,0.16
road272.png,crosswalk,235,258,265,295,0.833333,0.69125,0.1,0.0925
road272.png,crosswalk,228,344,246,365,0.79,0.88625,0.06,0.0525
road613.png,speedlimit,154,192,180,220,0.556667,0.515,0.086667,0.07
road165.png,crosswalk,119,83,174,162,0.488333,0.30625,0.183333,0.1975
road61.png,stop,52,28,346,297,0.4975,0.539867,0.735,0.893688
road504.png,speedlimit,92,230,139,277,0.385,0.63375,0.156667,0.1175
road829.png,speedlimit,94,141,167,212,0.435,0.44125,0.243333,0.1775
road275.png,trafficlight,243,268,300,375,0.905,0.80375,0.19,0.2675
road275.png,stop,100,133,162,196,0.436667,0.41125,0.206667,0.1575
road275.png,crosswalk,289,265,300,328,0.981667,0.74125,0.036667,0.1575
road614.png,speedlimit,251,82,299,143,0.916667,0.28125,0.16,0.1525
road162.png,speedlimit,129,191,158,229,0.478333,0.525,0.096667,0.095
road66.png,stop,95,23,311,227,0.5075,0.415282,0.54,0.677741
road503.png,speedlimit,107,196,145,236,0.42,0.54,0.126667,0.1
road380.png,speedlimit,105,2,175,90,0.466667,0.115,0.233333,0.22
road427.png,speedlimit,95,162,176,244,0.451667,0.5075,0.27,0.205
road855.png,speedlimit,94,86,134,125,0.38,0.26375,0.133333,0.0975
road351.png,speedlimit,111,112,191,190,0.503333,0.3775,0.266667,0.195
road730.png,speedlimit,139,207,176,242,0.525,0.56125,0.123333,0.0875
road730.png,speedlimit,138,151,174,187,0.52,0.4225,0.12,0.09
road209.png,speedlimit,93,144,172,231,0.441667,0.46875,0.263333,0.2175
road668.png,speedlimit,157,177,188,208,0.575,0.48125,0.103333,0.0775
road668.png,crosswalk,153,293,161,303,0.523333,0.745,0.026667,0.025
road360.png,speedlimit,75,184,119,228,0.323333,0.515,0.146667,0.11
road701.png,speedlimit,235,117,300,190,0.891667,0.38375,0.216667,0.1825
road701.png,speedlimit,237,232,300,306,0.895,0.6725,0.21,0.185
road416.png,speedlimit,67,98,148,180,0.358333,0.3475,0.27,0.205
road864.png,crosswalk,44,249,52,256,0.16,0.63125,0.026667,0.0175
road864.png,speedlimit,123,123,154,154,0.461667,0.34625,0.103333,0.0775
road688.png,speedlimit,125,212,158,245,0.471667,0.57125,0.11,0.0825
road688.png,speedlimit,125,161,158,193,0.471667,0.4425,0.11,0.08
road238.png,speedlimit,134,151,151,168,0.475,0.39875,0.056667,0.0425
road238.png,speedlimit,154,152,170,168,0.54,0.4,0.053333,0.04
road659.png,speedlimit,164,189,214,239,0.63,0.535,0.166667,0.125
road659.png,crosswalk,9,190,48,228,0.095,0.5225,0.13,0.095
road818.png,speedlimit,133,164,235,269,0.613333,0.54125,0.34,0.2625
road153.png,crosswalk,111,0,346,299,0.57125,0.44362,0.5875,0.88724
road532.png,crosswalk,65,306,84,328,0.248333,0.7925,0.063333,0.055
road532.png,crosswalk,196,304,210,323,0.676667,0.78375,0.046667,0.0475
road532.png,crosswalk,115,319,128,336,0.405,0.81875,0.043333,0.0425
road532.png,speedlimit,172,216,223,267,0.658333,0.60375,0.17,0.1275
road295.png,speedlimit,126,117,141,132,0.445,0.31125,0.05,0.0375
road57.png,stop,24,35,284,274,0.513333,0.38625,0.866667,0.5975
road86.png,stop,143,80,254,190,0.49625,0.505618,0.2775,0.411985
road244.png,speedlimit,155,212,174,231,0.548333,0.55375,0.063333,0.0475
road244.png,speedlimit,176,212,193,230,0.615,0.5525,0.056667,0.045
road182.png,speedlimit,85,136,103,154,0.313333,0.3625,0.06,0.045
road625.png,speedlimit,78,131,128,180,0.343333,0.38875,0.166667,0.1225
road154.png,crosswalk,357,82,378,100,0.91875,0.400881,0.0525,0.079295
road154.png,crosswalk,84,107,94,119,0.2225,0.497797,0.025,0.052863
road9.png,trafficlight,81,119,158,336,0.398333,0.56875,0.256667,0.5425
road292.png,speedlimit,143,85,197,141,0.566667,0.2825,0.18,0.14
road292.png,trafficlight,10,364,20,384,0.05,0.935,0.033333,0.05
road292.png,speedlimit,19,351,32,365,0.085,0.895,0.043333,0.035
road535.png,speedlimit,100,254,180,334,0.466667,0.735,0.266667,0.2
road50.png,trafficlight,136,102,155,154,0.544944,0.32,0.071161,0.13
road81.png,stop,70,41,218,187,0.48,0.285,0.493333,0.365
road243.png,speedlimit,138,239,150,250,0.48,0.61125,0.04,0.0275
road243.png,speedlimit,152,239,163,250,0.525,0.61125,0.036667,0.0275
road622.png,speedlimit,68,92,100,125,0.28,0.27125,0.106667,0.0825
road185.png,stop,183,174,194,191,0.628333,0.45625,0.036667,0.0425
road367.png,speedlimit,111,151,149,189,0.433333,0.425,0.126667,0.095
road367.png,crosswalk,36,267,48,289,0.14,0.695,0.04,0.055
road706.png,speedlimit,136,92,177,135,0.521667,0.28375,0.136667,0.1075
road706.png,speedlimit,135,159,177,201,0.52,0.45,0.14,0.105
road863.png,speedlimit,128,157,152,182,0.466667,0.42375,0.08,0.0625
road863.png,crosswalk,88,253,97,262,0.308333,0.64375,0.03,0.0225
road411.png,speedlimit,119,77,162,119,0.468333,0.245,0.143333,0.105
road128.png,crosswalk,216,51,341,191,0.69625,0.453184,0.3125,0.524345
road549.png,speedlimit,125,82,218,173,0.571667,0.31875,0.31,0.2275
road549.png,crosswalk,67,343,155,400,0.37,0.92875,0.293333,0.1425
road598.png,crosswalk,35,216,74,255,0.181667,0.58875,0.13,0.0975
road598.png,speedlimit,94,124,151,179,0.408333,0.37875,0.19,0.1375
road315.png,crosswalk,56,238,73,256,0.215,0.6175,0.056667,0.045
road315.png,speedlimit,122,168,156,202,0.463333,0.4625,0.113333,0.085
road774.png,speedlimit,186,162,207,186,0.655,0.435,0.07,0.06
road811.png,speedlimit,108,180,162,232,0.45,0.515,0.18,0.13
road463.png,speedlimit,100,70,182,155,0.47,0.28125,0.273333,0.2125
road463.png,crosswalk,161,279,251,367,0.686667,0.8075,0.3,0.22
road463.png,trafficlight,96,265,150,400,0.41,0.83125,0.18,0.3375
road7.png,trafficlight,120,145,159,218,0.435937,0.45375,0.121875,0.1825
road369.png,speedlimit,106,140,160,194,0.443333,0.4175,0.18,0.135
road708.png,speedlimit,121,139,192,213,0.521667,0.44,0.236667,0.185
road708.png,speedlimit,122,255,193,329,0.525,0.73,0.236667,0.185
road126.png,crosswalk,102,80,174,179,0.514925,0.32375,0.268657,0.2475
road681.png,speedlimit,139,250,177,287,0.526667,0.67125,0.126667,0.0925
road681.png,crosswalk,0,271,20,292,0.033333,0.70375,0.066667,0.0525
road547.png,speedlimit,100,150,157,206,0.428333,0.445,0.19,0.14
road547.png,crosswalk,225,170,299,270,0.873333,0.55,0.246667,0.25
road547.png,crosswalk,71,304,120,357,0.318333,0.82625,0.163333,0.1325
road22.png,trafficlight,108,43,150,182,0.401869,0.28125,0.130841,0.3475
road22.png,trafficlight,54,47,105,149,0.247664,0.245,0.158879,0.255
road22.png,stop,146,228,284,370,0.669782,0.7475,0.429907,0.355
road596.png,speedlimit,134,138,168,172,0.503333,0.3875,0.113333,0.085
road596.png,crosswalk,119,180,140,205,0.431667,0.48125,0.07,0.0625
road231.png,speedlimit,128,195,149,216,0.461667,0.51375,0.07,0.0525
road231.png,speedlimit,153,195,173,214,0.543333,0.51125,0.066667,0.0475
road650.png,speedlimit,126,110,162,147,0.48,0.32125,0.12,0.0925
road418.png,speedlimit,135,197,179,241,0.523333,0.5475,0.146667,0.11
road686.png,speedlimit,60,269,167,377,0.378333,0.8075,0.356667,0.27
road121.png,speedlimit,157,25,379,250,0.67,0.456811,0.555,0.747508
road540.png,speedlimit,145,271,183,309,0.546667,0.725,0.126667,0.095
road25.png,trafficlight,261,109,275,141,0.67,0.468165,0.035,0.11985
road25.png,trafficlight,288,114,299,141,0.73375,0.477528,0.0275,0.101124
road25.png,trafficlight,320,137,337,172,0.82125,0.578652,0.0425,0.131086
road236.png,speedlimit,143,152,151,162,0.49,0.3925,0.026667,0.025
road236.png,speedlimit,155,153,164,163,0.531667,0.395,0.03,0.025
road591.png,speedlimit,10,200,57,246,0.111667,0.5575,0.156667,0.115
road657.png,speedlimit,53,208,76,231,0.215,0.54875,0.076667,0.0575
road657.png,speedlimit,194,182,229,217,0.705,0.49875,0.116667,0.0875
road657.png,crosswalk,101,176,131,204,0.386667,0.475,0.1,0.07
road312.png,speedlimit,7,36,167,267,0.29,0.37875,0.533333,0.5775
road773.png,speedlimit,184,188,204,208,0.646667,0.495,0.066667,0.05
road464.png,crosswalk,152,262,209,319,0.601667,0.72625,0.19,0.1425
road464.png,speedlimit,112,127,166,182,0.463333,0.38625,0.18,0.1375
road464.png,trafficlight,109,253,144,347,0.421667,0.75,0.116667,0.235
road816.png,speedlimit,92,180,143,231,0.391667,0.51375,0.17,0.1275
road0.png,trafficlight,98,62,208,232,0.573034,0.3675,0.411985,0.425
road59.png,stop,181,57,376,246,0.69625,0.503322,0.4875,0.627907
road88.png,stop,109,146,183,223,0.546816,0.46125,0.277154,0.1925
road662.png,speedlimit,77,152,125,199,0.336667,0.43875,0.16,0.1175
road203.png,speedlimit,176,145,226,193,0.67,0.4225,0.166667,0.12
road575.png,speedlimit,67,119,105,155,0.286667,0.3425,0.126667,0.09
road575.png,crosswalk,67,157,108,197,0.291667,0.4425,0.136667,0.1
road10.png,trafficlight,106,3,244,263,0.4375,0.498127,0.345,0.973783
road114.png,speedlimit,254,32,319,102,0.71625,0.271255,0.1625,0.283401
road451.png,speedlimit,97,148,154,203,0.418333,0.43875,0.19,0.1375
road823.png,stop,108,49,192,135,0.5,0.23,0.28,0.215
road823.png,crosswalk,189,174,259,265,0.746667,0.54875,0.233333,0.2275
road823.png,trafficlight,139,168,197,323,0.56,0.61375,0.193333,0.3875
road823.png,trafficlight,96,227,134,333,0.383333,0.7,0.126667,0.265
road797.png,speedlimit,183,161,208,186,0.651667,0.43375,0.083333,0.0625
road746.png,speedlimit,92,153,145,208,0.395,0.45125,0.176667,0.1375
road746.png,speedlimit,85,237,139,291,0.373333,0.66,0.18,0.135
road327.png,speedlimit,92,173,153,234,0.408333,0.50875,0.203333,0.1525
road327.png,trafficlight,16,282,50,331,0.11,0.76625,0.113333,0.1225
road480.png,speedlimit,86,34,222,168,0.513333,0.2525,0.453333,0.335
road509.png,speedlimit,129,165,167,202,0.493333,0.45875,0.126667,0.0925
road168.png,crosswalk,170,172,203,206,0.621667,0.4725,0.11,0.085
road824.png,stop,102,14,203,122,0.508333,0.17,0.336667,0.27
road824.png,crosswalk,209,170,286,282,0.825,0.565,0.256667,0.28
road824.png,trafficlight,146,153,222,349,0.613333,0.6275,0.253333,0.49
road824.png,trafficlight,86,233,135,368,0.368333,0.75125,0.163333,0.3375
road456.png,speedlimit,101,182,152,235,0.421667,0.52125,0.17,0.1325
road790.png,speedlimit,118,210,142,234,0.433333,0.555,0.08,0.06
road790.png,speedlimit,206,269,216,280,0.703333,0.68625,0.033333,0.0275
road741.png,speedlimit,98,202,176,283,0.456667,0.60625,0.26,0.2025
road741.png,speedlimit,99,77,179,156,0.463333,0.29125,0.266667,0.1975
road487.png,speedlimit,156,154,189,186,0.575,0.425,0.11,0.08
road320.png,speedlimit,158,215,207,264,0.608333,0.59875,0.163333,0.1225
road619.png,speedlimit,131,147,183,202,0.523333,0.43625,0.173333,0.1375
road278.png,stop,109,161,149,202,0.43,0.45375,0.133333,0.1025
road278.png,trafficlight,200,252,249,322,0.748333,0.7175,0.163333,0.175
road278.png,crosswalk,230,247,258,285,0.813333,0.665,0.093333,0.095
road278.png,crosswalk,217,347,234,366,0.751667,0.89125,0.056667,0.0475
road858.png,speedlimit,119,144,140,164,0.431667,0.385,0.07,0.05
road665.png,speedlimit,55,302,145,395,0.333333,0.87125,0.3,0.2325
road204.png,crosswalk,127,125,236,233,0.605,0.4475,0.363333,0.27
road572.png,speedlimit,55,212,128,289,0.305,0.62625,0.243333,0.1925
road572.png,crosswalk,54,294,128,375,0.303333,0.83625,0.246667,0.2025
road17.png,trafficlight,104,119,144,171,0.464419,0.3625,0.149813,0.13
road113.png,speedlimit,171,38,307,186,0.5975,0.408759,0.34,0.540146
road458.png,speedlimit,67,116,139,189,0.343333,0.38125,0.24,0.1825
road489.png,speedlimit,130,143,177,188,0.511667,0.41375,0.156667,0.1125
road617.png,speedlimit,127,170,152,195,0.465,0.45625,0.083333,0.0625
road617.png,crosswalk,15,203,26,214,0.068333,0.52125,0.036667,0.0275
road276.png,speedlimit,109,139,130,159,0.398333,0.3725,0.07,0.05
road500.png,speedlimit,141,178,201,253,0.57,0.53875,0.2,0.1875
road65.png,stop,75,119,203,245,0.518657,0.455,0.477612,0.315
road161.png,speedlimit,178,50,230,102,0.68,0.19,0.173333,0.13
road383.png,speedlimit,125,219,156,249,0.468333,0.585,0.103333,0.075
road856.png,speedlimit,129,71,173,115,0.503333,0.2325,0.146667,0.11
road424.png,speedlimit,57,220,103,265,0.266667,0.60625,0.153333,0.1125
road733.png,speedlimit,113,88,188,161,0.501667,0.31125,0.25,0.1825
road733.png,speedlimit,118,200,192,274,0.516667,0.5925,0.246667,0.185
road352.png,speedlimit,100,130,148,177,0.413333,0.38375,0.16,0.1175
road19.png,trafficlight,99,104,119,157,0.40824,0.32625,0.074906,0.1325
road423.png,speedlimit,101,180,141,219,0.403333,0.49875,0.133333,0.0975
road851.png,speedlimit,113,118,134,139,0.411667,0.32125,0.07,0.0525
road384.png,speedlimit,107,160,145,197,0.42,0.44625,0.126667,0.0925
road734.png,speedlimit,133,142,228,240,0.601667,0.4775,0.316667,0.245
road734.png,speedlimit,144,292,241,389,0.641667,0.85125,0.323333,0.2425
road355.png,speedlimit,95,122,151,175,0.41,0.37125,0.186667,0.1325
road799.png,speedlimit,168,187,206,225,0.623333,0.515,0.126667,0.095
road748.png,speedlimit,72,210,91,228,0.271667,0.5475,0.063333,0.045
road748.png,speedlimit,96,209,114,227,0.35,0.545,0.06,0.045
road329.png,speedlimit,115,150,215,249,0.55,0.49875,0.333333,0.2475
road610.png,speedlimit,12,234,60,285,0.12,0.64875,0.16,0.1275
road271.png,speedlimit,127,170,172,215,0.498333,0.48125,0.15,0.1125
road507.png,speedlimit,63,158,150,244,0.355,0.5025,0.29,0.215
road62.png,stop,126,113,215,201,0.638577,0.3925,0.333333,0.22
road166.png,crosswalk,53,177,114,241,0.278333,0.5225,0.203333,0.16
road725.png,speedlimit,58,196,126,264,0.306667,0.575,0.226667,0.17
road344.png,speedlimit,122,208,179,265,0.501667,0.59125,0.19,0.1425
road395.png,speedlimit,163,198,210,243,0.621667,0.55125,0.156667,0.1125
road840.png,speedlimit,120,99,156,134,0.46,0.29125,0.12,0.0875
road840.png,crosswalk,144,232,181,270,0.541667,0.6275,0.123333,0.095
road432.png,speedlimit,142,191,165,214,0.511667,0.50625,0.076667,0.0575
road73.png,stop,169,35,348,224,0.64625,0.481413,0.4475,0.702602
road73.png,trafficlight,79,81,124,160,0.25375,0.447955,0.1125,0.29368
road516.png,speedlimit,84,133,163,210,0.411667,0.42875,0.263333,0.1925
road177.png,speedlimit,101,19,197,135,0.496667,0.1925,0.32,0.29
road601.png,speedlimit,129,191,155,216,0.473333,0.50875,0.086667,0.0625
road260.png,speedlimit,128,128,196,203,0.54,0.41375,0.226667,0.1875
road759.png,speedlimit,119,165,166,212,0.475,0.47125,0.156667,0.1175
road338.png,speedlimit,78,284,155,363,0.388333,0.80875,0.256667,0.1975
road788.png,speedlimit,106,147,149,190,0.425,0.42125,0.143333,0.1075
road74.png,stop,208,20,351,158,0.69875,0.330855,0.3575,0.513011
road511.png,speedlimit,114,160,169,213,0.471667,0.46625,0.183333,0.1325
road170.png,crosswalk,170,183,203,214,0.621667,0.49625,0.11,0.0775
road170.png,trafficlight,87,168,114,217,0.335,0.48125,0.09,0.1225
road170.png,trafficlight,207,168,225,221,0.72,0.48625,0.06,0.1325
road170.png,crosswalk,142,232,149,239,0.485,0.58875,0.023333,0.0175
road606.png,speedlimit,77,44,172,138,0.415,0.2275,0.316667,0.235
road267.png,speedlimit,99,119,136,157,0.391667,0.345,0.123333,0.095
road498.png,speedlimit,86,130,118,171,0.34,0.37625,0.106667,0.1025
road449.png,speedlimit,93,176,129,213,0.37,0.48625,0.12,0.0925
road722.png,speedlimit,127,207,166,246,0.488333,0.56625,0.13,0.0975
road343.png,speedlimit,121,141,167,186,0.48,0.40875,0.153333,0.1125
road435.png,speedlimit,9,203,69,263,0.13,0.5825,0.2,0.15
road847.png,speedlimit,103,159,133,187,0.393333,0.4325,0.1,0.07
road847.png,trafficlight,271,217,295,284,0.943333,0.62625,0.08,0.1675
road392.png,speedlimit,146,203,177,233,0.538333,0.545,0.103333,0.075
road608.png,speedlimit,77,305,107,337,0.306667,0.8025,0.1,0.08
road608.png,crosswalk,49,318,77,343,0.21,0.82625,0.093333,0.0625
road269.png,speedlimit,136,111,218,192,0.59,0.37875,0.273333,0.2025
road750.png,speedlimit,58,136,83,162,0.235,0.3725,0.083333,0.065
road750.png,speedlimit,91,136,115,161,0.343333,0.37125,0.08,0.0625
road331.png,speedlimit,102,112,161,171,0.438333,0.35375,0.196667,0.1475
road331.png,crosswalk,102,183,160,242,0.436667,0.53125,0.193333,0.1475
road496.png,speedlimit,47,165,72,201,0.198333,0.4575,0.083333,0.09
road447.png,speedlimit,109,183,132,204,0.401667,0.48375,0.076667,0.0525
road835.png,speedlimit,121,126,163,168,0.473333,0.3675,0.14,0.105
road781.png,speedlimit,57,190,92,226,0.248333,0.52,0.116667,0.09
road781.png,crosswalk,116,240,136,265,0.42,0.63125,0.066667,0.0625
road563.png,speedlimit,131,208,194,269,0.541667,0.59625,0.21,0.1525
road563.png,crosswalk,130,272,195,335,0.541667,0.75875,0.216667,0.1575
road102.png,speedlimit,37,38,243,245,0.35,0.529963,0.515,0.775281
road674.png,stop,157,159,180,183,0.561667,0.4275,0.076667,0.06
road674.png,speedlimit,64,198,72,206,0.226667,0.505,0.026667,0.02
road215.png,speedlimit,111,125,135,150,0.41,0.34375,0.08,0.0625
road849.png,speedlimit,115,131,130,148,0.408333,0.34875,0.05,0.0425
road564.png,crosswalk,141,305,217,382,0.596667,0.85875,0.253333,0.1925
road564.png,speedlimit,143,231,217,302,0.6,0.66625,0.246667,0.1775
road105.png,speedlimit,27,146,281,377,0.513333,0.65375,0.846667,0.5775
road673.png,stop,90,169,109,189,0.331667,0.4475,0.063333,0.05
road212.png,speedlimit,149,198,160,209,0.515,0.50875,0.036667,0.0275
road518.png,speedlimit,157,165,184,191,0.568333,0.445,0.09,0.065
road179.png,trafficlight,193,140,202,161,0.658333,0.37625,0.03,0.0525
road179.png,trafficlight,235,179,243,199,0.796667,0.4725,0.026667,0.05
road179.png,trafficlight,32,181,40,200,0.12,0.47625,0.026667,0.0475
road179.png,trafficlight,42,183,49,201,0.151667,0.48,0.023333,0.045
road179.png,crosswalk,248,180,254,192,0.836667,0.465,0.02,0.03
road757.png,speedlimit,108,152,140,181,0.413333,0.41625,0.106667,0.0725
road491.png,speedlimit,140,131,202,191,0.57,0.4025,0.206667,0.15
road336.png,speedlimit,113,181,155,222,0.446667,0.50375,0.14,0.1025
road832.png,speedlimit,74,42,196,161,0.45,0.25375,0.406667,0.2975
road440.png,speedlimit,63,221,122,280,0.308333,0.62625,0.196667,0.1475
road786.png,speedlimit,97,155,124,181,0.368333,0.42,0.09,0.065
road580.png,crosswalk,174,154,213,192,0.645,0.4325,0.13,0.095
road580.png,crosswalk,269,259,277,270,0.91,0.66125,0.026667,0.0275
road580.png,crosswalk,171,266,179,276,0.583333,0.6775,0.026667,0.025
road227.png,speedlimit,141,181,153,193,0.49,0.4675,0.04,0.03
road227.png,speedlimit,157,183,168,194,0.541667,0.47125,0.036667,0.0275
road646.png,speedlimit,0,270,108,380,0.18,0.8125,0.36,0.275
road130.png,crosswalk,162,30,181,50,0.42875,0.142349,0.0475,0.071174
road130.png,crosswalk,305,131,329,154,0.7925,0.507117,0.06,0.081851
road697.png,speedlimit,103,166,134,198,0.395,0.455,0.103333,0.08
road697.png,speedlimit,102,216,132,247,0.39,0.57875,0.1,0.0775
road34.png,trafficlight,21,4,177,386,0.370787,0.4875,0.58427,0.955
road551.png,speedlimit,111,210,171,272,0.47,0.6025,0.2,0.155
road409.png,speedlimit,130,146,155,171,0.475,0.39625,0.083333,0.0625
road99.png,stop,41,35,222,214,0.492509,0.31125,0.677903,0.4475
road48.png,trafficlight,179,182,226,300,0.758427,0.6025,0.17603,0.295
road48.png,trafficlight,128,187,180,290,0.576779,0.59625,0.194757,0.2575
road807.png,speedlimit,133,200,150,216,0.471667,0.52,0.056667,0.04
road475.png,speedlimit,48,154,97,203,0.241667,0.44625,0.163333,0.1225
road303.png,stop,48,50,187,196,0.391667,0.3075,0.463333,0.365
road762.png,speedlimit,119,198,140,220,0.431667,0.5225,0.07,0.055
road472.png,speedlimit,0,198,95,307,0.158333,0.63125,0.316667,0.2725
road800.png,speedlimit,189,184,237,232,0.71,0.52,0.16,0.12
road304.png,speedlimit,79,184,111,216,0.316667,0.5,0.106667,0.08
road765.png,speedlimit,135,173,168,203,0.505,0.47,0.11,0.075
road220.png,speedlimit,125,154,139,169,0.44,0.40375,0.046667,0.0375
road587.png,speedlimit,125,197,147,218,0.453333,0.51875,0.073333,0.0525
road641.png,speedlimit,98,71,158,130,0.426667,0.25125,0.2,0.1475
road690.png,speedlimit,99,152,141,192,0.4,0.43,0.14,0.1
road690.png,speedlimit,99,217,139,258,0.396667,0.59375,0.133333,0.1025
road137.png,crosswalk,207,38,334,165,0.67625,0.377323,0.3175,0.472119
road33.png,trafficlight,23,6,178,387,0.376404,0.49125,0.580524,0.9525
road556.png,speedlimit,116,268,193,343,0.515,0.76375,0.256667,0.1875
road378.png,speedlimit,75,168,200,294,0.458333,0.5775,0.416667,0.315
road719.png,speedlimit,116,209,141,234,0.428333,0.55375,0.083333,0.0625
road252.png,speedlimit,165,203,180,218,0.575,0.52625,0.05,0.0375
road90.png,stop,172,94,249,174,0.52625,0.501873,0.1925,0.299625
road194.png,crosswalk,83,162,155,239,0.396667,0.50125,0.24,0.1925
road194.png,trafficlight,193,220,224,300,0.695,0.65,0.103333,0.2
road633.png,stop,98,107,137,145,0.391667,0.315,0.13,0.095
road145.png,crosswalk,132,29,264,166,0.495,0.427632,0.33,0.600877
road41.png,trafficlight,186,1,218,75,0.756554,0.095,0.11985,0.185
road41.png,trafficlight,92,141,116,183,0.389513,0.405,0.089888,0.105
road524.png,speedlimit,114,192,156,234,0.45,0.5325,0.14,0.105
road283.png,speedlimit,187,220,241,279,0.713333,0.62375,0.18,0.1475
road589.png,speedlimit,101,171,131,200,0.386667,0.46375,0.1,0.0725
road139.png,crosswalk,107,39,323,222,0.5375,0.517857,0.54,0.72619
road558.png,speedlimit,139,295,245,400,0.64,0.86875,0.353333,0.2625
road400.png,speedlimit,166,203,212,248,0.63,0.56375,0.153333,0.1125
road872.png,speedlimit,84,203,117,236,0.335,0.54875,0.11,0.0825
road872.png,stop,222,262,233,276,0.758333,0.6725,0.036667,0.035
road376.png,speedlimit,39,193,136,289,0.291667,0.6025,0.323333,0.24
road717.png,speedlimit,90,219,109,240,0.331667,0.57375,0.063333,0.0525
road717.png,speedlimit,116,220,136,240,0.42,0.575,0.066667,0.05
road229.png,speedlimit,120,171,140,191,0.433333,0.4525,0.066667,0.05
road229.png,speedlimit,146,171,167,191,0.521667,0.4525,0.07,0.05
road648.png,speedlimit,152,186,173,207,0.541667,0.49125,0.07,0.0525
road699.png,speedlimit,131,156,176,203,0.511667,0.44875,0.15,0.1175
road699.png,speedlimit,130,230,175,276,0.508333,0.6325,0.15,0.115
road875.png,speedlimit,50,248,61,261,0.185,0.63625,0.036667,0.0325
road875.png,speedlimit,105,141,160,194,0.441667,0.41875,0.183333,0.1325
road875.png,stop,164,267,178,284,0.57,0.68875,0.046667,0.0425
road407.png,speedlimit,167,219,179,230,0.576667,0.56125,0.04,0.0275
road371.png,speedlimit,67,219,152,301,0.365,0.65,0.283333,0.205
road710.png,speedlimit,133,134,164,165,0.495,0.37375,0.103333,0.0775
road710.png,speedlimit,132,184,164,214,0.493333,0.4975,0.106667,0.075
road255.png,speedlimit,101,67,150,116,0.418333,0.22875,0.163333,0.1225
road97.png,stop,42,66,130,154,0.215,0.411985,0.22,0.329588
road634.png,stop,123,83,168,128,0.485,0.26375,0.15,0.1125
road193.png,crosswalk,110,110,163,166,0.455,0.345,0.176667,0.14
road193.png,trafficlight,45,59,90,150,0.225,0.26125,0.15,0.2275
road142.png,crosswalk,88,98,204,222,0.548872,0.4,0.43609,0.31
road46.png,trafficlight,71,174,131,278,0.378277,0.565,0.224719,0.26
road284.png,speedlimit,111,133,165,187,0.46,0.4,0.18,0.135
road523.png,speedlimit,98,170,134,207,0.386667,0.47125,0.12,0.0925
road809.png,speedlimit,130,195,161,226,0.485,0.52625,0.103333,0.0775
road385.png,speedlimit,105,150,150,195,0.425,0.43125,0.15,0.1125
road422.png,speedlimit,98,206,116,223,0.356667,0.53625,0.06,0.0425
road850.png,speedlimit,79,123,97,141,0.293333,0.33,0.06,0.045
road735.png,speedlimit,118,202,137,220,0.425,0.5275,0.063333,0.045
road735.png,speedlimit,118,232,135,250,0.421667,0.6025,0.056667,0.045
road354.png,stop,80,109,170,199,0.416667,0.385,0.3,0.225
road798.png,speedlimit,196,144,229,175,0.708333,0.39875,0.11,0.0775
road749.png,speedlimit,85,156,107,178,0.32,0.4175,0.073333,0.055
road749.png,speedlimit,113,156,135,178,0.413333,0.4175,0.073333,0.055
road328.png,speedlimit,91,111,177,200,0.446667,0.38875,0.286667,0.2225
road611.png,speedlimit,74,180,131,242,0.341667,0.5275,0.19,0.155
road270.png,stop,91,126,139,175,0.383333,0.37625,0.16,0.1225
road270.png,trafficlight,200,233,257,318,0.761667,0.68875,0.19,0.2125
road270.png,crosswalk,237,228,272,278,0.848333,0.6325,0.116667,0.125
road63.png,stop,132,29,333,254,0.58125,0.4701,0.5025,0.747508
road506.png,speedlimit,57,234,129,305,0.31,0.67375,0.24,0.1775
road167.png,crosswalk,84,159,136,234,0.366667,0.49125,0.173333,0.1875
road167.png,stop,85,22,144,120,0.381667,0.1775,0.196667,0.245
road459.png,speedlimit,111,142,177,210,0.48,0.44,0.22,0.17
road459.png,crosswalk,158,313,216,383,0.623333,0.87,0.193333,0.175
road459.png,trafficlight,104,300,146,398,0.416667,0.8725,0.14,0.245
road488.png,speedlimit,182,125,220,164,0.67,0.36125,0.126667,0.0975
road616.png,speedlimit,115,161,135,180,0.416667,0.42625,0.066667,0.0475
road616.png,crosswalk,37,182,47,192,0.14,0.4675,0.033333,0.025
road277.png,speedlimit,167,101,227,160,0.656667,0.32625,0.2,0.1475
road64.png,stop,55,11,382,278,0.54625,0.480066,0.8175,0.887043
road501.png,speedlimit,75,147,140,232,0.358333,0.47375,0.216667,0.2125
road160.png,crosswalk,180,190,235,248,0.691667,0.5475,0.183333,0.145
road160.png,crosswalk,141,267,148,276,0.481667,0.67875,0.023333,0.0225
road160.png,stop,180,89,233,137,0.688333,0.2825,0.176667,0.12
road857.png,speedlimit,113,119,175,181,0.48,0.375,0.206667,0.155
road425.png,speedlimit,85,198,140,253,0.375,0.56375,0.183333,0.1375
road382.png,speedlimit,110,139,160,186,0.45,0.40625,0.166667,0.1175
road732.png,speedlimit,99,97,159,157,0.43,0.3175,0.2,0.15
road732.png,speedlimit,104,189,165,250,0.448333,0.54875,0.203333,0.1525
road353.png,speedlimit,103,166,162,228,0.441667,0.4925,0.196667,0.155
road18.png,trafficlight,90,39,217,280,0.479687,0.39875,0.396875,0.6025
road825.png,trafficlight,5,335,24,363,0.048333,0.8725,0.063333,0.07
road825.png,trafficlight,146,169,183,264,0.548333,0.54125,0.123333,0.2375
road825.png,trafficlight,117,209,141,272,0.43,0.60125,0.08,0.1575
road825.png,stop,127,104,175,155,0.503333,0.32375,0.16,0.1275
road825.png,crosswalk,178,178,214,232,0.653333,0.5125,0.12,0.135
road825.png,crosswalk,90,340,100,354,0.316667,0.8675,0.033333,0.035
road457.png,speedlimit,157,138,217,201,0.623333,0.42375,0.2,0.1575
road791.png,speedlimit,122,199,153,232,0.458333,0.53875,0.103333,0.0825
road791.png,speedlimit,190,276,202,289,0.653333,0.70625,0.04,0.0325
road740.png,speedlimit,114,118,173,176,0.478333,0.3675,0.196667,0.145
road740.png,speedlimit,111,210,170,269,0.468333,0.59875,0.196667,0.1475
road321.png,speedlimit,134,172,176,212,0.516667,0.48,0.14,0.1
road321.png,crosswalk,73,286,101,315,0.29,0.75125,0.093333,0.0725
road321.png,speedlimit,95,232,110,253,0.341667,0.60625,0.05,0.0525
road486.png,speedlimit,124,175,149,199,0.455,0.4675,0.083333,0.06
road618.png,speedlimit,133,166,167,200,0.5,0.4575,0.113333,0.085
road279.png,speedlimit,128,106,244,221,0.62,0.40875,0.386667,0.2875
road859.png,speedlimit,128,151,153,176,0.468333,0.40875,0.083333,0.0625
road664.png,speedlimit,85,200,157,273,0.403333,0.59125,0.24,0.1825
road205.png,crosswalk,149,178,259,287,0.68,0.58125,0.366667,0.2725
road16.png,trafficlight,225,43,241,82,0.5825,0.252016,0.04,0.157258
road16.png,trafficlight,106,106,118,127,0.28,0.469758,0.03,0.084677
road573.png,crosswalk,69,315,163,399,0.386667,0.8925,0.313333,0.21
road573.png,speedlimit,65,214,159,308,0.373333,0.6525,0.313333,0.235
road112.png,speedlimit,137,12,272,152,0.51125,0.307116,0.3375,0.524345
road663.png,speedlimit,103,214,160,271,0.438333,0.60625,0.19,0.1425
road202.png,speedlimit,161,196,209,244,0.616667,0.55,0.16,0.12
road11.png,trafficlight,188,98,207,132,0.49375,0.383333,0.0475,0.113333
road11.png,trafficlight,317,172,331,200,0.81,0.62,0.035,0.093333
road574.png,speedlimit,86,202,206,327,0.486667,0.66125,0.4,0.3125
road574.png,crosswalk,92,333,211,400,0.505,0.91625,0.396667,0.1675
road115.png,speedlimit,141,63,244,161,0.48125,0.497778,0.2575,0.435556
road450.png,speedlimit,120,155,165,201,0.475,0.445,0.15,0.115
road822.png,trafficlight,35,308,58,352,0.155,0.825,0.076667,0.11
road822.png,trafficlight,96,206,122,278,0.363333,0.605,0.086667,0.18
road822.png,trafficlight,124,167,163,277,0.478333,0.555,0.13,0.275
road822.png,crosswalk,156,166,214,231,0.616667,0.49625,0.193333,0.1625
road822.png,stop,106,77,168,140,0.456667,0.27125,0.206667,0.1575
road822.png,crosswalk,183,317,201,340,0.64,0.82125,0.06,0.0575
road796.png,speedlimit,133,170,154,191,0.478333,0.45125,0.07,0.0525
road747.png,speedlimit,235,99,299,171,0.89,0.3375,0.213333,0.18
road747.png,speedlimit,228,214,298,288,0.876667,0.6275,0.233333,0.185
road481.png,speedlimit,90,230,144,284,0.39,0.6425,0.18,0.135
road481.png,crosswalk,206,269,280,349,0.81,0.7725,0.246667,0.2
road481.png,trafficlight,267,194,299,368,0.943333,0.7025,0.106667,0.435
road326.png,speedlimit,160,50,242,128,0.67,0.2225,0.273333,0.195
road508.png,speedlimit,55,130,165,238,0.366667,0.46,0.366667,0.27
road169.png,speedlimit,55,193,104,255,0.265,0.56,0.163333,0.155
road419.png,speedlimit,41,176,91,227,0.22,0.50375,0.166667,0.1275
road120.png,speedlimit,79,20,230,229,0.38625,0.439929,0.3775,0.738516
road687.png,speedlimit,90,251,118,279,0.346667,0.6625,0.093333,0.07
road687.png,speedlimit,92,205,120,233,0.353333,0.5475,0.093333,0.07
road24.png,trafficlight,70,174,128,286,0.370787,0.575,0.217228,0.28
road541.png,speedlimit,93,205,134,246,0.378333,0.56375,0.136667,0.1025
road590.png,speedlimit,67,181,105,218,0.286667,0.49875,0.126667,0.0925
road237.png,speedlimit,125,158,140,174,0.441667,0.415,0.05,0.04
road237.png,speedlimit,144,159,157,173,0.501667,0.415,0.043333,0.035
road656.png,crosswalk,72,155,99,181,0.285,0.42,0.09,0.065
road656.png,speedlimit,151,162,181,194,0.553333,0.445,0.1,0.08
road656.png,speedlimit,31,185,51,206,0.136667,0.48875,0.066667,0.0525
road313.png,speedlimit,126,132,199,206,0.541667,0.4225,0.243333,0.185
road772.png,speedlimit,137,185,154,204,0.485,0.48625,0.056667,0.0475
road465.png,crosswalk,126,259,192,326,0.53,0.73125,0.22,0.1675
road465.png,trafficlight,81,249,119,354,0.333333,0.75375,0.126667,0.2625
road465.png,speedlimit,85,108,146,167,0.385,0.34375,0.203333,0.1475
road817.png,speedlimit,117,166,187,235,0.506667,0.50125,0.233333,0.1725
road1.png,trafficlight,154,63,258,281,0.515,0.607774,0.26,0.770318
road58.png,stop,58,24,331,295,0.48625,0.5299,0.6825,0.900332
road89.png,stop,249,36,301,91,0.6875,0.237828,0.13,0.205993
road314.png,speedlimit,115,168,172,225,0.478333,0.49125,0.19,0.1425
road314.png,speedlimit,38,272,63,298,0.168333,0.7125,0.083333,0.065
road314.png,crosswalk,17,332,53,368,0.116667,0.875,0.12,0.09
road775.png,speedlimit,109,130,150,170,0.431667,0.375,0.136667,0.1
road810.png,speedlimit,129,175,169,215,0.496667,0.4875,0.133333,0.1
road462.png,crosswalk,151,319,237,399,0.646667,0.8975,0.286667,0.2
road462.png,trafficlight,87,305,138,400,0.375,0.88125,0.17,0.2375
road462.png,speedlimit,91,115,171,199,0.436667,0.3925,0.266667,0.21
road6.png,trafficlight,95,153,176,327,0.507491,0.6,0.303371,0.435
road368.png,speedlimit,76,166,128,217,0.34,0.47875,0.173333,0.1275
road709.png,speedlimit,135,190,158,212,0.488333,0.5025,0.076667,0.055
road709.png,speedlimit,134,226,157,249,0.485,0.59375,0.076667,0.0575
road680.png,speedlimit,156,123,203,175,0.598333,0.3725,0.156667,0.13
road127.png,crosswalk,268,56,312,101,0.725,0.296226,0.11,0.169811
road127.png,trafficlight,359,24,376,59,0.91875,0.156604,0.0425,0.132075
road127.png,trafficlight,379,21,394,58,0.96625,0.149057,0.0375,0.139623
road23.png,trafficlight,216,126,242,179,0.860902,0.38125,0.097744,0.1325
road546.png,crosswalk,180,212,260,292,0.733333,0.63,0.266667,0.2
road546.png,crosswalk,71,305,119,354,0.316667,0.82375,0.16,0.1225
road546.png,speedlimit,95,172,143,221,0.396667,0.49125,0.16,0.1225
road230.png,speedlimit,124,193,138,207,0.436667,0.5,0.046667,0.035
road230.png,speedlimit,142,193,156,207,0.496667,0.5,0.046667,0.035
road597.png,speedlimit,99,131,141,174,0.4,0.38125,0.14,0.1075
road597.png,crosswalk,70,188,101,218,0.285,0.5075,0.103333,0.075
road651.png,speedlimit,177,113,221,160,0.663333,0.34125,0.146667,0.1175
road8.png,trafficlight,91,72,129,136,0.275,0.346667,0.095,0.213333
road8.png,trafficlight,245,104,274,163,0.64875,0.445,0.0725,0.196667
road155.png,crosswalk,45,109,191,236,0.295,0.43125,0.365,0.3175
road51.png,trafficlight,190,137,248,263,0.55443,0.5,0.146835,0.315
road534.png,crosswalk,14,386,36,399,0.083333,0.98125,0.073333,0.0325
road534.png,crosswalk,158,384,174,399,0.553333,0.97875,0.053333,0.0375
road534.png,speedlimit,174,242,243,312,0.695,0.6925,0.23,0.175
road293.png,speedlimit,96,247,150,306,0.41,0.69125,0.18,0.1475
road242.png,speedlimit,119,162,149,192,0.446667,0.4425,0.1,0.075
road242.png,speedlimit,150,163,178,193,0.546667,0.445,0.093333,0.075
road80.png,stop,13,18,381,383,0.4925,0.50125,0.92,0.9125
road184.png,speedlimit,177,137,258,216,0.725,0.44125,0.27,0.1975
road623.png,speedlimit,100,203,137,241,0.395,0.555,0.123333,0.095
road366.png,speedlimit,77,100,136,156,0.355,0.32,0.196667,0.14
road707.png,speedlimit,103,86,159,145,0.436667,0.28875,0.186667,0.1475
road707.png,speedlimit,104,178,161,235,0.441667,0.51625,0.19,0.1425
road862.png,speedlimit,214,29,287,101,0.835,0.1625,0.243333,0.18
road410.png,speedlimit,145,112,177,143,0.536667,0.31875,0.106667,0.0775
road129.png,crosswalk,111,76,211,171,0.4025,0.462547,0.25,0.355805
road129.png,trafficlight,230,42,295,212,0.65625,0.475655,0.1625,0.636704
road548.png,crosswalk,60,314,132,391,0.32,0.88125,0.24,0.1925
road548.png,speedlimit,109,96,188,175,0.495,0.33875,0.263333,0.1975
road599.png,speedlimit,98,51,204,155,0.503333,0.2575,0.353333,0.26
road361.png,speedlimit,102,139,154,192,0.426667,0.41375,0.173333,0.1325
road361.png,crosswalk,102,203,156,257,0.43,0.575,0.18,0.135
road700.png,speedlimit,113,156,172,215,0.475,0.46375,0.196667,0.1475
road700.png,speedlimit,115,248,169,307,0.473333,0.69375,0.18,0.1475
road417.png,speedlimit,126,179,161,214,0.478333,0.49125,0.116667,0.0875
road865.png,speedlimit,156,85,191,120,0.578333,0.25625,0.116667,0.0875
road865.png,crosswalk,39,235,47,243,0.143333,0.5975,0.026667,0.02
road689.png,speedlimit,119,177,156,212,0.458333,0.48625,0.123333,0.0875
road689.png,speedlimit,119,233,155,269,0.456667,0.6275,0.12,0.09
road239.png,speedlimit,176,229,185,238,0.601667,0.58375,0.03,0.0225
road658.png,crosswalk,82,173,115,205,0.328333,0.4725,0.11,0.08
road658.png,speedlimit,197,176,238,217,0.725,0.49125,0.136667,0.1025
road658.png,speedlimit,21,211,47,237,0.113333,0.56,0.086667,0.065
road819.png,stop,100,155,125,180,0.375,0.41875,0.083333,0.0625
road819.png,trafficlight,103,192,119,232,0.37,0.53,0.053333,0.1
road819.png,trafficlight,97,206,104,231,0.335,0.54625,0.023333,0.0625
road819.png,trafficlight,91,168,101,190,0.32,0.4475,0.033333,0.055
road819.png,trafficlight,71,218,81,239,0.253333,0.57125,0.033333,0.0525
road819.png,trafficlight,62,223,71,238,0.221667,0.57625,0.03,0.0375
road152.png,crosswalk,125,37,276,185,0.50125,0.493333,0.3775,0.657778
road56.png,stop,98,95,216,211,0.523333,0.3825,0.393333,0.29
road294.png,speedlimit,137,102,232,197,0.615,0.37375,0.316667,0.2375
road533.png,speedlimit,154,238,212,297,0.61,0.66875,0.193333,0.1475
road533.png,crosswalk,78,363,94,381,0.286667,0.93,0.053333,0.045
road533.png,crosswalk,165,348,179,366,0.573333,0.8925,0.046667,0.045
road533.png,crosswalk,27,348,49,372,0.126667,0.9,0.073333,0.06
road245.png,speedlimit,137,196,158,218,0.491667,0.5175,0.07,0.055
road245.png,speedlimit,161,197,182,217,0.571667,0.5175,0.07,0.05
road87.png,stop,139,74,257,191,0.495,0.496255,0.295,0.438202
road624.png,speedlimit,94,136,135,178,0.381667,0.3925,0.136667,0.105
road183.png,crosswalk,163,143,208,191,0.618333,0.4175,0.15,0.12
road183.png,crosswalk,96,160,111,176,0.345,0.42,0.05,0.04
road183.png,trafficlight,128,155,145,203,0.455,0.4475,0.056667,0.12
road228.png,speedlimit,156,179,172,196,0.546667,0.46875,0.053333,0.0425
road228.png,speedlimit,176,179,191,195,0.611667,0.4675,0.05,0.04
road649.png,speedlimit,127,155,154,183,0.468333,0.4225,0.09,0.07
road698.png,speedlimit,83,137,122,176,0.341667,0.39125,0.13,0.0975
road698.png,speedlimit,84,199,122,237,0.343333,0.545,0.126667,0.095
road874.png,speedlimit,93,129,136,174,0.381667,0.37875,0.143333,0.1125
road874.png,speedlimit,84,205,96,217,0.3,0.5275,0.04,0.03
road874.png,stop,192,224,205,239,0.661667,0.57875,0.043333,0.0375
road406.png,speedlimit,111,233,139,260,0.416667,0.61625,0.093333,0.0675
road370.png,speedlimit,110,166,157,214,0.445,0.475,0.156667,0.12
road711.png,speedlimit,80,151,116,185,0.326667,0.42,0.12,0.085
road711.png,speedlimit,78,207,115,242,0.321667,0.56125,0.123333,0.0875
road96.png,stop,209,58,326,179,0.66875,0.44382,0.2925,0.453184
road254.png,speedlimit,108,73,156,121,0.44,0.2425,0.16,0.12
road192.png,speedlimit,133,223,205,300,0.563333,0.65375,0.24,0.1925
road635.png,stop,97,101,150,154,0.411667,0.31875,0.176667,0.1325
road143.png,crosswalk,32,73,148,191,0.337079,0.33,0.434457,0.295
road522.png,speedlimit,127,170,159,203,0.476667,0.46625,0.106667,0.0825
road285.png,speedlimit,120,135,155,171,0.458333,0.3825,0.116667,0.09
road285.png,speedlimit,40,310,52,322,0.153333,0.79,0.04,0.03
road285.png,trafficlight,35,322,43,338,0.13,0.825,0.026667,0.04
road47.png,trafficlight,223,25,337,267,0.7,0.544776,0.285,0.902985
road808.png,speedlimit,115,199,135,219,0.416667,0.5225,0.066667,0.05
road91.png,stop,155,243,247,358,0.5025,0.75125,0.23,0.2875
road253.png,speedlimit,128,87,187,144,0.525,0.28875,0.196667,0.1425
road632.png,stop,96,167,132,203,0.38,0.4625,0.12,0.09
road195.png,trafficlight,135,177,189,250,0.54,0.53375,0.18,0.1825
road144.png,crosswalk,103,19,328,210,0.53875,0.469262,0.5625,0.782787
road282.png,speedlimit,133,161,167,193,0.5,0.4425,0.113333,0.08
road282.png,crosswalk,75,337,94,358,0.281667,0.86875,0.063333,0.0525
road282.png,crosswalk,84,363,97,377,0.301667,0.925,0.043333,0.035
road525.png,speedlimit,96,187,140,230,0.393333,0.52125,0.146667,0.1075
road40.png,trafficlight,49,4,77,74,0.235955,0.0975,0.104869,0.175
road40.png,trafficlight,106,16,132,88,0.445693,0.13,0.097378,0.18
road40.png,trafficlight,160,28,185,97,0.646067,0.15625,0.093633,0.1725
road588.png,speedlimit,93,204,117,228,0.35,0.54,0.08,0.06
road138.png,crosswalk,170,68,227,125,0.49625,0.321667,0.1425,0.19
road559.png,speedlimit,147,186,184,223,0.551667,0.51125,0.123333,0.0925
road559.png,crosswalk,146,226,184,262,0.55,0.61,0.126667,0.09
road401.png,speedlimit,163,190,221,247,0.64,0.54625,0.193333,0.1425
road873.png,speedlimit,113,218,122,231,0.391667,0.56125,0.03,0.0325
road873.png,speedlimit,85,164,121,201,0.343333,0.45625,0.12,0.0925
road873.png,stop,210,238,222,251,0.72,0.61125,0.04,0.0325
road377.png,speedlimit,118,173,153,208,0.451667,0.47625,0.116667,0.0875
road716.png,speedlimit,177,211,195,230,0.62,0.55125,0.06,0.0475
road716.png,speedlimit,150,210,169,229,0.531667,0.54875,0.063333,0.0475
road473.png,speedlimit,92,112,237,257,0.548333,0.46125,0.483333,0.3625
road801.png,speedlimit,150,131,210,191,0.6,0.4025,0.2,0.15
road305.png,speedlimit,88,58,236,281,0.54,0.42375,0.493333,0.5575
road764.png,speedlimit,102,177,127,203,0.381667,0.475,0.083333,0.065
road586.png,speedlimit,121,59,180,115,0.501667,0.2175,0.196667,0.14
road221.png,speedlimit,131,185,154,208,0.475,0.49125,0.076667,0.0575
road640.png,speedlimit,210,105,258,153,0.78,0.3225,0.16,0.12
road640.png,speedlimit,62,184,82,204,0.24,0.485,0.066667,0.05
road136.png,crosswalk,299,71,334,113,0.79125,0.344569,0.0875,0.157303
road136.png,trafficlight,118,117,125,130,0.30375,0.462547,0.0175,0.048689
road691.png,speedlimit,125,194,174,242,0.498333,0.545,0.163333,0.12
road691.png,speedlimit,126,117,175,166,0.501667,0.35375,0.163333,0.1225
road557.png,speedlimit,52,127,140,214,0.32,0.42625,0.293333,0.2175
road32.png,trafficlight,48,33,194,356,0.453184,0.48625,0.546816,0.8075
road379.png,speedlimit,174,145,211,182,0.641667,0.40875,0.123333,0.0925
road718.png,speedlimit,146,192,167,214,0.521667,0.5075,0.07,0.055
road718.png,speedlimit,177,194,199,216,0.626667,0.5125,0.073333,0.055
road226.png,speedlimit,134,175,156,197,0.483333,0.465,0.073333,0.055
road226.png,speedlimit,164,176,187,198,0.585,0.4675,0.076667,0.055
road226.png,crosswalk,230,131,282,183,0.853333,0.3925,0.173333,0.13
road581.png,crosswalk,101,117,144,161,0.408333,0.3475,0.143333,0.11
road647.png,speedlimit,143,157,158,172,0.501667,0.41125,0.05,0.0375
road647.png,crosswalk,273,127,293,148,0.943333,0.34375,0.066667,0.0525
road696.png,speedlimit,139,215,165,242,0.506667,0.57125,0.086667,0.0675
road696.png,speedlimit,139,257,164,282,0.505,0.67375,0.083333,0.0625
road131.png,crosswalk,156,8,177,31,0.41625,0.073034,0.0525,0.086142
road131.png,crosswalk,298,119,319,143,0.77125,0.490637,0.0525,0.089888
road131.png,trafficlight,23,156,30,165,0.06625,0.601124,0.0175,0.033708
road550.png,speedlimit,124,169,181,226,0.508333,0.49375,0.19,0.1425
road35.png,trafficlight,77,83,189,123,0.3325,0.400778,0.28,0.155642
road408.png,speedlimit,146,171,165,191,0.518333,0.4525,0.063333,0.05
road98.png,stop,138,17,376,245,0.6425,0.490637,0.595,0.853933
road49.png,trafficlight,84,34,124,117,0.26,0.265845,0.1,0.292254
road49.png,trafficlight,134,121,151,154,0.35625,0.484155,0.0425,0.116197
road806.png,speedlimit,105,99,186,179,0.485,0.3475,0.27,0.2
road474.png,speedlimit,145,176,187,216,0.553333,0.49,0.14,0.1
road302.png,stop,154,137,183,167,0.561667,0.38,0.096667,0.075
road302.png,speedlimit,158,167,187,198,0.575,0.45625,0.096667,0.0775
road763.png,speedlimit,153,218,175,239,0.546667,0.57125,0.073333,0.0525
road565.png,speedlimit,132,238,184,291,0.526667,0.66125,0.173333,0.1325
road104.png,speedlimit,48,14,344,345,0.49,0.493132,0.74,0.909341
road672.png,speedlimit,183,162,216,196,0.665,0.4475,0.11,0.085
road213.png,speedlimit,88,146,101,159,0.315,0.38125,0.043333,0.0325
road519.png,speedlimit,159,175,187,202,0.576667,0.47125,0.093333,0.0675
road178.png,crosswalk,52,134,115,201,0.278333,0.41875,0.21,0.1675
road756.png,speedlimit,86,223,112,249,0.33,0.59,0.086667,0.065
road337.png,speedlimit,110,198,222,311,0.553333,0.63625,0.373333,0.2825
road490.png,speedlimit,133,123,183,171,0.526667,0.3675,0.166667,0.12
road833.png,speedlimit,120,152,146,177,0.443333,0.41125,0.086667,0.0625
road441.png,speedlimit,117,117,189,191,0.51,0.385,0.24,0.185
road787.png,speedlimit,116,170,148,201,0.44,0.46375,0.106667,0.0775
road609.png,speedlimit,57,222,92,259,0.248333,0.60125,0.116667,0.0925
road609.png,crosswalk,14,237,44,266,0.096667,0.62875,0.1,0.0725
road268.png,speedlimit,94,127,124,158,0.363333,0.35625,0.1,0.0775
road751.png,speedlimit,85,154,116,185,0.335,0.42375,0.103333,0.0775
road751.png,speedlimit,126,154,157,185,0.471667,0.42375,0.103333,0.0775
road497.png,speedlimit,101,161,130,198,0.385,0.44875,0.096667,0.0925
road330.png,speedlimit,86,108,129,152,0.358333,0.325,0.143333,0.11
road446.png,speedlimit,124,110,190,179,0.523333,0.36125,0.22,0.1725
road834.png,speedlimit,121,144,156,179,0.461667,0.40375,0.116667,0.0875
road780.png,speedlimit,73,190,103,220,0.293333,0.5125,0.1,0.075
road780.png,crosswalk,136,226,156,252,0.486667,0.5975,0.066667,0.065
road562.png,crosswalk,73,275,130,332,0.338333,0.75875,0.19,0.1425
road562.png,speedlimit,75,219,128,272,0.338333,0.61375,0.176667,0.1325
road103.png,speedlimit,89,25,297,272,0.4825,0.493355,0.52,0.820598
road675.png,speedlimit,22,217,31,226,0.088333,0.55375,0.03,0.0225
road675.png,stop,149,166,178,196,0.545,0.4525,0.096667,0.075
road214.png,speedlimit,127,166,145,185,0.453333,0.43875,0.06,0.0475
road848.png,speedlimit,172,98,209,136,0.635,0.2925,0.123333,0.095
road510.png,speedlimit,89,201,133,245,0.37,0.5575,0.146667,0.11
road75.png,stop,231,65,327,159,0.6975,0.46281,0.24,0.38843
road171.png,crosswalk,138,209,165,245,0.505,0.5675,0.09,0.09
road607.png,speedlimit,186,186,232,231,0.696667,0.52125,0.153333,0.1125
road266.png,speedlimit,133,110,174,154,0.511667,0.33,0.136667,0.11
road499.png,speedlimit,161,170,214,235,0.625,0.50625,0.176667,0.1625
road448.png,speedlimit,81,186,111,216,0.32,0.5025,0.1,0.075
road723.png,speedlimit,115,185,160,230,0.458333,0.51875,0.15,0.1125
road342.png,speedlimit,149,1,267,96,0.693333,0.12125,0.393333,0.2375
road393.png,speedlimit,147,255,180,289,0.545,0.68,0.11,0.085
road434.png,speedlimit,98,232,146,280,0.406667,0.64,0.16,0.12
road846.png,trafficlight,208,224,228,278,0.726667,0.6275,0.066667,0.135
road846.png,crosswalk,226,220,257,253,0.805,0.59125,0.103333,0.0825
road846.png,speedlimit,86,169,112,195,0.33,0.455,0.086667,0.065
road724.png,speedlimit,88,160,143,216,0.385,0.47,0.183333,0.14
road345.png,speedlimit,90,287,185,381,0.458333,0.835,0.316667,0.235
road841.png,speedlimit,107,144,148,185,0.425,0.41125,0.136667,0.1025
road841.png,crosswalk,135,298,178,342,0.521667,0.8,0.143333,0.11
road433.png,speedlimit,92,206,130,243,0.37,0.56125,0.126667,0.0925
road394.png,speedlimit,167,188,206,227,0.621667,0.51875,0.13,0.0975
road517.png,speedlimit,114,141,199,225,0.521667,0.4575,0.283333,0.21
road72.png,stop,267,169,400,272,0.83375,0.810662,0.3325,0.378676
road176.png,crosswalk,117,74,193,182,0.516667,0.32,0.253333,0.27
road176.png,trafficlight,36,92,90,249,0.21,0.42625,0.18,0.3925
road600.png,speedlimit,136,207,155,226,0.485,0.54125,0.063333,0.0475
road261.png,speedlimit,201,61,236,101,0.728333,0.2025,0.116667,0.1
road758.png,speedlimit,73,168,107,203,0.3,0.46375,0.113333,0.0875
road339.png,stop,92,46,206,163,0.496667,0.26125,0.38,0.2925
road789.png,speedlimit,113,169,166,222,0.465,0.48875,0.176667,0.1325
